-- phpMyAdmin SQL Dump
-- version 5.2.0
-- https://www.phpmyadmin.net/
--
-- Host: 127.0.0.1
-- Generation Time: Jan 25, 2023 at 08:21 AM
-- Server version: 10.4.24-MariaDB
-- PHP Version: 8.1.6

SET SQL_MODE = "NO_AUTO_VALUE_ON_ZERO";
START TRANSACTION;
SET time_zone = "+00:00";


/*!40101 SET @OLD_CHARACTER_SET_CLIENT=@@CHARACTER_SET_CLIENT */;
/*!40101 SET @OLD_CHARACTER_SET_RESULTS=@@CHARACTER_SET_RESULTS */;
/*!40101 SET @OLD_COLLATION_CONNECTION=@@COLLATION_CONNECTION */;
/*!40101 SET NAMES utf8mb4 */;

--
-- Database: `eapi`
--

-- --------------------------------------------------------

--
-- Table structure for table `failed_jobs`
--

CREATE TABLE `failed_jobs` (
  `id` bigint(20) UNSIGNED NOT NULL,
  `uuid` varchar(255) COLLATE utf8mb4_unicode_ci NOT NULL,
  `connection` text COLLATE utf8mb4_unicode_ci NOT NULL,
  `queue` text COLLATE utf8mb4_unicode_ci NOT NULL,
  `payload` longtext COLLATE utf8mb4_unicode_ci NOT NULL,
  `exception` longtext COLLATE utf8mb4_unicode_ci NOT NULL,
  `failed_at` timestamp NOT NULL DEFAULT current_timestamp()
) ENGINE=InnoDB DEFAULT CHARSET=utf8mb4 COLLATE=utf8mb4_unicode_ci;

-- --------------------------------------------------------

--
-- Table structure for table `migrations`
--

CREATE TABLE `migrations` (
  `id` int(10) UNSIGNED NOT NULL,
  `migration` varchar(255) COLLATE utf8mb4_unicode_ci NOT NULL,
  `batch` int(11) NOT NULL
) ENGINE=InnoDB DEFAULT CHARSET=utf8mb4 COLLATE=utf8mb4_unicode_ci;

--
-- Dumping data for table `migrations`
--

INSERT INTO `migrations` (`id`, `migration`, `batch`) VALUES
(1, '2014_10_12_000000_create_users_table', 1),
(2, '2014_10_12_100000_create_password_resets_table', 1),
(3, '2019_08_19_000000_create_failed_jobs_table', 1),
(4, '2019_12_14_000001_create_personal_access_tokens_table', 1),
(5, '2023_01_25_045752_create_products_table', 1),
(6, '2023_01_25_045844_create_reviews_table', 1);

-- --------------------------------------------------------

--
-- Table structure for table `password_resets`
--

CREATE TABLE `password_resets` (
  `email` varchar(255) COLLATE utf8mb4_unicode_ci NOT NULL,
  `token` varchar(255) COLLATE utf8mb4_unicode_ci NOT NULL,
  `created_at` timestamp NULL DEFAULT NULL
) ENGINE=InnoDB DEFAULT CHARSET=utf8mb4 COLLATE=utf8mb4_unicode_ci;

-- --------------------------------------------------------

--
-- Table structure for table `personal_access_tokens`
--

CREATE TABLE `personal_access_tokens` (
  `id` bigint(20) UNSIGNED NOT NULL,
  `tokenable_type` varchar(255) COLLATE utf8mb4_unicode_ci NOT NULL,
  `tokenable_id` bigint(20) UNSIGNED NOT NULL,
  `name` varchar(255) COLLATE utf8mb4_unicode_ci NOT NULL,
  `token` varchar(64) COLLATE utf8mb4_unicode_ci NOT NULL,
  `abilities` text COLLATE utf8mb4_unicode_ci DEFAULT NULL,
  `last_used_at` timestamp NULL DEFAULT NULL,
  `expires_at` timestamp NULL DEFAULT NULL,
  `created_at` timestamp NULL DEFAULT NULL,
  `updated_at` timestamp NULL DEFAULT NULL
) ENGINE=InnoDB DEFAULT CHARSET=utf8mb4 COLLATE=utf8mb4_unicode_ci;

-- --------------------------------------------------------

--
-- Table structure for table `products`
--

CREATE TABLE `products` (
  `id` bigint(20) UNSIGNED NOT NULL,
  `name` varchar(255) COLLATE utf8mb4_unicode_ci NOT NULL,
  `detail` text COLLATE utf8mb4_unicode_ci NOT NULL,
  `price` int(11) NOT NULL,
  `stock` int(11) NOT NULL,
  `discount` int(11) NOT NULL,
  `created_at` timestamp NULL DEFAULT NULL,
  `updated_at` timestamp NULL DEFAULT NULL
) ENGINE=InnoDB DEFAULT CHARSET=utf8mb4 COLLATE=utf8mb4_unicode_ci;

--
-- Dumping data for table `products`
--

INSERT INTO `products` (`id`, `name`, `detail`, `price`, `stock`, `discount`, `created_at`, `updated_at`) VALUES
(1, 'sapiente', 'However, she soon made out the verses the White Rabbit returning, splendidly dressed, with a round.', 135, 8, 4, '2023-01-25 01:48:12', '2023-01-25 01:48:12'),
(2, 'sit', 'ARE OLD, FATHER WILLIAM,\' to the part about her pet: \'Dinah\'s our cat. And she\'s such a neck as.', 125, 2, 31, '2023-01-25 01:48:12', '2023-01-25 01:48:12'),
(3, 'nobis', 'WAS a narrow escape!\' said Alice, (she had kept a piece of it in asking riddles that have no idea.', 627, 4, 19, '2023-01-25 01:48:12', '2023-01-25 01:48:12'),
(4, 'cumque', 'I say--that\'s the same thing as \"I get what I say,\' the Mock Turtle said with a whiting. Now you.', 599, 3, 24, '2023-01-25 01:48:12', '2023-01-25 01:48:12'),
(5, 'illo', 'At last the Dodo had paused as if she were saying lessons, and began talking to him,\' said Alice.', 297, 6, 4, '2023-01-25 01:48:12', '2023-01-25 01:48:12'),
(6, 'et', 'Alice had begun to repeat it, when a sharp hiss made her next remark. \'Then the words came very.', 783, 6, 28, '2023-01-25 01:48:12', '2023-01-25 01:48:12'),
(7, 'distinctio', 'Then followed the Knave was standing before them, in chains, with a soldier on each side, and.', 721, 8, 11, '2023-01-25 01:48:12', '2023-01-25 01:48:12'),
(8, 'dicta', 'No, there were a Duck and a great thistle, to keep herself from being broken. She hastily put down.', 360, 8, 17, '2023-01-25 01:48:12', '2023-01-25 01:48:12'),
(9, 'asperiores', 'Hatter began, in a low, trembling voice. \'There\'s more evidence to come upon them THIS size: why.', 264, 3, 27, '2023-01-25 01:48:12', '2023-01-25 01:48:12'),
(10, 'sed', 'He was looking at everything that Alice said; \'there\'s a large cat which was sitting between them.', 285, 3, 40, '2023-01-25 01:48:12', '2023-01-25 01:48:12'),
(11, 'vel', 'Said his father; \'don\'t give yourself airs! Do you think, at your age, it is right?\' \'In my.', 678, 7, 15, '2023-01-25 01:48:12', '2023-01-25 01:48:12'),
(12, 'vero', 'Tortoise because he taught us,\' said the Caterpillar; and it put the Lizard in head downwards, and.', 778, 8, 21, '2023-01-25 01:48:12', '2023-01-25 01:48:12'),
(13, 'est', 'Gryphon added \'Come, let\'s try Geography. London is the capital of Rome, and Rome--no, THAT\'S all.', 546, 2, 11, '2023-01-25 01:48:12', '2023-01-25 01:48:12'),
(14, 'in', 'Dinah, and saying to herself in a melancholy tone: \'it doesn\'t seem to encourage the witness at.', 278, 9, 32, '2023-01-25 01:48:12', '2023-01-25 01:48:12'),
(15, 'nam', 'Gryphon. \'Turn a somersault in the pool, \'and she sits purring so nicely by the soldiers, who of.', 676, 2, 38, '2023-01-25 01:48:12', '2023-01-25 01:48:12'),
(16, 'dignissimos', 'Dormouse!\' And they pinched it on both sides of it, and found in it about four feet high. \'Whoever.', 592, 4, 32, '2023-01-25 01:48:12', '2023-01-25 01:48:12'),
(17, 'placeat', 'Alice, as she said these words her foot slipped, and in another moment, splash! she was coming to.', 398, 8, 28, '2023-01-25 01:48:12', '2023-01-25 01:48:12'),
(18, 'consequatur', 'Sir, With no jury or judge, would be like, but it did not quite sure whether it was a large.', 434, 8, 21, '2023-01-25 01:48:12', '2023-01-25 01:48:12'),
(19, 'dolor', 'Lobster Quadrille?\' the Gryphon went on, \'if you don\'t know the way the people near the entrance.', 912, 6, 16, '2023-01-25 01:48:12', '2023-01-25 01:48:12'),
(20, 'ut', 'Mock Turtle replied; \'and then the Rabbit\'s voice along--\'Catch him, you by the hand, it hurried.', 981, 9, 28, '2023-01-25 01:48:12', '2023-01-25 01:48:12'),
(21, 'sequi', 'I\'m a deal too flustered to tell you--all I know all the jurymen on to her feet, they seemed to.', 553, 3, 29, '2023-01-25 01:48:12', '2023-01-25 01:48:12'),
(22, 'similique', 'I\'ll come up: if not, I\'ll stay down here! It\'ll be no use speaking to it,\' she thought, \'till its.', 482, 0, 26, '2023-01-25 01:48:12', '2023-01-25 01:48:12'),
(23, 'iste', 'HAVE tasted eggs, certainly,\' said Alice, \'because I\'m not myself, you see.\' \'I don\'t think they.', 279, 4, 35, '2023-01-25 01:48:12', '2023-01-25 01:48:12'),
(24, 'et', 'Ugh, Serpent!\' \'But I\'m NOT a serpent!\' said Alice indignantly, and she walked down the bottle.', 288, 1, 7, '2023-01-25 01:48:12', '2023-01-25 01:48:12'),
(25, 'earum', 'March Hare said in an impatient tone: \'explanations take such a hurry to change the subject,\' the.', 591, 7, 30, '2023-01-25 01:48:12', '2023-01-25 01:48:12'),
(26, 'laudantium', 'Hatter grumbled: \'you shouldn\'t have put it in with the next moment she felt very glad that it was.', 213, 1, 5, '2023-01-25 01:48:12', '2023-01-25 01:48:12'),
(27, 'numquam', 'Will you, won\'t you join the dance? Will you, won\'t you, will you join the dance. Would not, could.', 741, 4, 5, '2023-01-25 01:48:12', '2023-01-25 01:48:12'),
(28, 'suscipit', 'Mouse had changed his mind, and was delighted to find her way out. \'I shall sit here,\' he said.', 576, 7, 23, '2023-01-25 01:48:12', '2023-01-25 01:48:12'),
(29, 'beatae', 'Alice. \'Why not?\' said the Caterpillar. Alice said to Alice, and she did not at all what had.', 445, 7, 28, '2023-01-25 01:48:12', '2023-01-25 01:48:12'),
(30, 'veritatis', 'And the moral of that is, but I grow at a king,\' said Alice. \'Off with her head! Off--\'.', 331, 0, 32, '2023-01-25 01:48:12', '2023-01-25 01:48:12'),
(31, 'nam', 'Hatter grumbled: \'you shouldn\'t have put it in asking riddles that have no idea what a delightful.', 462, 0, 38, '2023-01-25 01:48:12', '2023-01-25 01:48:12'),
(32, 'repellat', 'Dinah, tell me the truth: did you ever see such a capital one for catching mice--oh, I beg your.', 511, 1, 13, '2023-01-25 01:48:12', '2023-01-25 01:48:12'),
(33, 'ut', 'Nile On every golden scale! \'How cheerfully he seems to be a LITTLE larger, sir, if you hold it.', 163, 7, 27, '2023-01-25 01:48:12', '2023-01-25 01:48:12'),
(34, 'cupiditate', 'Alice did not get hold of its little eyes, but it had no idea what to do, and perhaps as this.', 769, 5, 24, '2023-01-25 01:48:12', '2023-01-25 01:48:12'),
(35, 'qui', 'Alice had got burnt, and eaten up by wild beasts and other unpleasant things, all because they.', 244, 3, 35, '2023-01-25 01:48:12', '2023-01-25 01:48:12'),
(36, 'deserunt', 'THIS size: why, I should think!\' (Dinah was the White Rabbit blew three blasts on the Duchess\'s.', 124, 0, 20, '2023-01-25 01:48:12', '2023-01-25 01:48:12'),
(37, 'et', 'HE taught us Drawling, Stretching, and Fainting in Coils.\' \'What was THAT like?\' said Alice.', 114, 9, 35, '2023-01-25 01:48:12', '2023-01-25 01:48:12'),
(38, 'fugit', 'Alice could hear the very tones of the house, and wondering what to do with this creature when I.', 651, 6, 19, '2023-01-25 01:48:12', '2023-01-25 01:48:12'),
(39, 'aut', 'There was a treacle-well.\' \'There\'s no such thing!\' Alice was not quite like the largest telescope.', 174, 4, 14, '2023-01-25 01:48:12', '2023-01-25 01:48:12'),
(40, 'ratione', 'Alice; \'but when you come to an end! \'I wonder what CAN have happened to you? Tell us all about.', 484, 2, 10, '2023-01-25 01:48:12', '2023-01-25 01:48:12'),
(41, 'magnam', 'White Rabbit blew three blasts on the top of it. Presently the Rabbit was no use in saying.', 726, 5, 14, '2023-01-25 01:48:12', '2023-01-25 01:48:12'),
(42, 'harum', 'Miss, we\'re doing our best, afore she comes, to--\' At this moment Alice appeared, she was always.', 215, 4, 36, '2023-01-25 01:48:12', '2023-01-25 01:48:12'),
(43, 'minus', 'I didn\'t!\' interrupted Alice. \'You must be,\' said the March Hare,) \'--it was at the thought that.', 305, 5, 28, '2023-01-25 01:48:12', '2023-01-25 01:48:12'),
(44, 'animi', 'Miss, we\'re doing our best, afore she comes, to--\' At this moment the door of which was lit up by.', 721, 8, 14, '2023-01-25 01:48:12', '2023-01-25 01:48:12'),
(45, 'omnis', 'No, I\'ve made up my mind about it; and as the other.\' As soon as it spoke (it was exactly one.', 507, 0, 35, '2023-01-25 01:48:12', '2023-01-25 01:48:12'),
(46, 'dolorem', 'While the Panther were sharing a pie--\' [later editions continued as follows The Panther took.', 810, 0, 37, '2023-01-25 01:48:12', '2023-01-25 01:48:12'),
(47, 'est', 'Gryphon replied very politely, \'for I can\'t put it into his cup of tea, and looked into its face.', 292, 3, 32, '2023-01-25 01:48:12', '2023-01-25 01:48:12'),
(48, 'voluptatem', 'Alice started to her full size by this time, and was going off into a line along the course, here.', 931, 1, 38, '2023-01-25 01:48:12', '2023-01-25 01:48:12'),
(49, 'mollitia', 'Mock Turtle a little shriek and a long and a Long Tale They were just beginning to get through was.', 695, 1, 16, '2023-01-25 01:48:12', '2023-01-25 01:48:12'),
(50, 'nostrum', 'Alice looked up, and began whistling. \'Oh, there\'s no use speaking to it,\' she thought, and it was.', 380, 8, 15, '2023-01-25 01:48:12', '2023-01-25 01:48:12'),
(51, 'facilis', 'Caterpillar. \'Is that all?\' said the Mouse only shook its head to hide a smile: some of the birds.', 673, 4, 32, '2023-01-25 01:48:15', '2023-01-25 01:48:15'),
(52, 'soluta', 'CHAPTER X. The Lobster Quadrille The Mock Turtle\'s Story \'You can\'t think how glad I am to see how.', 922, 3, 27, '2023-01-25 01:48:15', '2023-01-25 01:48:15'),
(53, 'est', 'The Cat only grinned when it grunted again, and Alice looked all round her, about the games now.\'.', 660, 9, 39, '2023-01-25 01:48:15', '2023-01-25 01:48:15'),
(54, 'id', 'Gryphon, \'you first form into a cucumber-frame, or something of the party sat silent for a dunce?.', 987, 8, 26, '2023-01-25 01:48:15', '2023-01-25 01:48:15'),
(55, 'aut', 'Cat in a very long silence, broken only by an occasional exclamation of \'Hjckrrh!\' from the.', 881, 6, 27, '2023-01-25 01:48:15', '2023-01-25 01:48:15'),
(56, 'vel', 'Alice had been to the baby, and not to be sure, this generally happens when one eats cake, but.', 804, 8, 22, '2023-01-25 01:48:15', '2023-01-25 01:48:15'),
(57, 'sed', 'New Zealand or Australia?\' (and she tried to fancy to cats if you please! \"William the Conqueror.', 648, 3, 2, '2023-01-25 01:48:15', '2023-01-25 01:48:15'),
(58, 'quis', 'Dormouse into the wood for fear of their wits!\' So she began nursing her child again, singing a.', 995, 9, 11, '2023-01-25 01:48:15', '2023-01-25 01:48:15'),
(59, 'repudiandae', 'Alice would not stoop? Soup of the house opened, and a large cauldron which seemed to be sure; but.', 535, 3, 11, '2023-01-25 01:48:15', '2023-01-25 01:48:15'),
(60, 'eius', 'Alice, \'shall I NEVER get any older than I am very tired of being upset, and their curls got.', 766, 5, 33, '2023-01-25 01:48:15', '2023-01-25 01:48:15'),
(61, 'facilis', 'Queen, \'Really, my dear, and that you think you\'re changed, do you?\' \'I\'m afraid I can\'t.', 116, 8, 23, '2023-01-25 01:48:15', '2023-01-25 01:48:15'),
(62, 'et', 'King said, turning to Alice, very much of it at all. However, \'jury-men\' would have done that?\'.', 982, 9, 6, '2023-01-25 01:48:15', '2023-01-25 01:48:15'),
(63, 'sed', 'King, looking round the neck of the legs of the players to be ashamed of yourself for asking such.', 784, 2, 19, '2023-01-25 01:48:15', '2023-01-25 01:48:15'),
(64, 'voluptatibus', 'Rabbit, and had just succeeded in curving it down into a small passage, not much like keeping so.', 773, 9, 39, '2023-01-25 01:48:15', '2023-01-25 01:48:15'),
(65, 'ad', 'NOT be an old woman--but then--always to have changed since her swim in the direction in which the.', 643, 7, 29, '2023-01-25 01:48:15', '2023-01-25 01:48:15'),
(66, 'nihil', 'So she began again: \'Ou est ma chatte?\' which was a bright idea came into Alice\'s shoulder as he.', 556, 6, 13, '2023-01-25 01:48:15', '2023-01-25 01:48:15'),
(67, 'assumenda', 'I\'m afraid, sir\' said Alice, a little girl or a worm. The question is, Who in the sea, though you.', 349, 0, 36, '2023-01-25 01:48:15', '2023-01-25 01:48:15'),
(68, 'omnis', 'And it\'ll fetch things when you come and join the dance? Will you, won\'t you, will you, won\'t you.', 147, 4, 6, '2023-01-25 01:48:15', '2023-01-25 01:48:15'),
(69, 'est', 'I\'ve kept her waiting!\' Alice felt a violent blow underneath her chin: it had been, it suddenly.', 977, 0, 4, '2023-01-25 01:48:15', '2023-01-25 01:48:15'),
(70, 'in', 'Cat. \'--so long as there was room for YOU, and no more of it now in sight, hurrying down it. There.', 301, 1, 19, '2023-01-25 01:48:15', '2023-01-25 01:48:15'),
(71, 'voluptatem', 'Yet you turned a corner, \'Oh my ears and the little crocodile Improve his shining tail, And pour.', 494, 3, 33, '2023-01-25 01:48:15', '2023-01-25 01:48:15'),
(72, 'dolores', 'Lizard as she went on in a court of justice before, but she knew that it was certainly not.', 193, 5, 10, '2023-01-25 01:48:15', '2023-01-25 01:48:15'),
(73, 'dolor', 'After these came the royal children; there were a Duck and a scroll of parchment in the night? Let.', 894, 4, 23, '2023-01-25 01:48:15', '2023-01-25 01:48:15'),
(74, 'enim', 'When the pie was all dark overhead; before her was another puzzling question; and as for the.', 878, 5, 9, '2023-01-25 01:48:15', '2023-01-25 01:48:15'),
(75, 'ipsam', 'I wish you would seem to be\"--or if you\'d like it put more simply--\"Never imagine yourself not to.', 875, 0, 28, '2023-01-25 01:48:15', '2023-01-25 01:48:15'),
(76, 'iure', 'Lory, who at last it sat down with one finger for the White Rabbit, who said in a game of croquet.', 213, 5, 25, '2023-01-25 01:48:15', '2023-01-25 01:48:15'),
(77, 'eveniet', 'I know who I WAS when I find a thing,\' said the Duck. \'Found IT,\' the Mouse was speaking, and this.', 588, 6, 30, '2023-01-25 01:48:15', '2023-01-25 01:48:15'),
(78, 'consequatur', 'YOU like cats if you only kept on good terms with him, he\'d do almost anything you liked with the.', 680, 6, 11, '2023-01-25 01:48:15', '2023-01-25 01:48:15'),
(79, 'fuga', 'Alice, \'it\'s very easy to know your history, you know,\' said Alice to herself. \'Of the mushroom,\'.', 881, 0, 2, '2023-01-25 01:48:15', '2023-01-25 01:48:15'),
(80, 'error', 'This did not like the look of the house, and the three were all shaped like ears and whiskers, how.', 939, 1, 6, '2023-01-25 01:48:15', '2023-01-25 01:48:15'),
(81, 'incidunt', 'And here poor Alice began in a very decided tone: \'tell her something worth hearing. For some.', 805, 8, 14, '2023-01-25 01:48:15', '2023-01-25 01:48:15'),
(82, 'aut', 'SHE, of course,\' he said in a sorrowful tone, \'I\'m afraid I am, sir,\' said Alice; \'I might as well.', 967, 1, 3, '2023-01-25 01:48:15', '2023-01-25 01:48:15'),
(83, 'animi', 'Suppress him! Pinch him! Off with his nose Trims his belt and his buttons, and turns out his.', 523, 9, 9, '2023-01-25 01:48:15', '2023-01-25 01:48:15'),
(84, 'eligendi', 'Gryphon. \'--you advance twice--\' \'Each with a soldier on each side, and opened their eyes and.', 593, 4, 17, '2023-01-25 01:48:15', '2023-01-25 01:48:15'),
(85, 'consequatur', 'Alice thought), and it was labelled \'ORANGE MARMALADE\', but to get out at the top of the house.', 364, 7, 10, '2023-01-25 01:48:15', '2023-01-25 01:48:15'),
(86, 'consequuntur', 'However, she soon found out that the Queen said to herself \'This is Bill,\' she gave one sharp.', 858, 1, 11, '2023-01-25 01:48:15', '2023-01-25 01:48:15'),
(87, 'voluptatem', 'Queen\'s voice in the after-time, be herself a grown woman; and how she would catch a bat, and.', 153, 5, 2, '2023-01-25 01:48:15', '2023-01-25 01:48:15'),
(88, 'iure', 'Footman continued in the sea. But they HAVE their tails in their paws. \'And how did you call him.', 899, 5, 35, '2023-01-25 01:48:15', '2023-01-25 01:48:15'),
(89, 'in', 'I will prosecute YOU.--Come, I\'ll take no denial; We must have been changed for Mabel! I\'ll try.', 677, 6, 9, '2023-01-25 01:48:15', '2023-01-25 01:48:15'),
(90, 'numquam', 'It was so ordered about by mice and rabbits. I almost wish I hadn\'t begun my tea--not above a week.', 193, 8, 9, '2023-01-25 01:48:15', '2023-01-25 01:48:15'),
(91, 'modi', 'I\'d better take him his fan and gloves. \'How queer it seems,\' Alice said to herself; \'his eyes are.', 268, 8, 27, '2023-01-25 01:48:15', '2023-01-25 01:48:15'),
(92, 'temporibus', 'I didn\'t,\' said Alice: \'allow me to sell you a present of everything I\'ve said as yet.\' \'A cheap.', 147, 7, 29, '2023-01-25 01:48:15', '2023-01-25 01:48:15'),
(93, 'qui', 'NEVER get any older than you, and listen to me! I\'LL soon make you dry enough!\' They all made a.', 269, 2, 2, '2023-01-25 01:48:15', '2023-01-25 01:48:15'),
(94, 'dolore', 'Rabbit actually TOOK A WATCH OUT OF ITS WAISTCOAT-POCKET, and looked at Alice, as she fell very.', 113, 0, 9, '2023-01-25 01:48:15', '2023-01-25 01:48:15'),
(95, 'qui', 'March Hare and the second verse of the court. (As that is enough,\' Said his father; \'don\'t give.', 329, 8, 5, '2023-01-25 01:48:15', '2023-01-25 01:48:15'),
(96, 'nam', 'Lory, as soon as it can\'t possibly make me larger, it must be growing small again.\' She got up.', 618, 5, 2, '2023-01-25 01:48:15', '2023-01-25 01:48:15'),
(97, 'commodi', 'IS that to be sure! However, everything is queer to-day.\' Just then she looked up and saying.', 508, 6, 31, '2023-01-25 01:48:15', '2023-01-25 01:48:15'),
(98, 'eaque', 'Two. Two began in a trembling voice to a lobster--\' (Alice began to get very tired of sitting by.', 210, 2, 38, '2023-01-25 01:48:15', '2023-01-25 01:48:15'),
(99, 'molestiae', 'ARE OLD, FATHER WILLIAM,\"\' said the Hatter. \'It isn\'t directed at all,\' said the Eaglet. \'I don\'t.', 294, 4, 38, '2023-01-25 01:48:15', '2023-01-25 01:48:15'),
(100, 'omnis', 'He was an uncomfortably sharp chin. However, she did not quite like the look of things at all, at.', 552, 9, 15, '2023-01-25 01:48:15', '2023-01-25 01:48:15');

-- --------------------------------------------------------

--
-- Table structure for table `reviews`
--

CREATE TABLE `reviews` (
  `id` bigint(20) UNSIGNED NOT NULL,
  `product_id` bigint(20) UNSIGNED NOT NULL,
  `customer` varchar(255) COLLATE utf8mb4_unicode_ci NOT NULL,
  `review` varchar(255) COLLATE utf8mb4_unicode_ci DEFAULT NULL,
  `star` int(11) NOT NULL,
  `created_at` timestamp NULL DEFAULT NULL,
  `updated_at` timestamp NULL DEFAULT NULL
) ENGINE=InnoDB DEFAULT CHARSET=utf8mb4 COLLATE=utf8mb4_unicode_ci;

--
-- Dumping data for table `reviews`
--

INSERT INTO `reviews` (`id`, `product_id`, `customer`, `review`, `star`, `created_at`, `updated_at`) VALUES
(1, 7, 'Leanne Bernier', 'Queen shouted at the other queer noises, would change (she knew) to the game, the Queen merely.', 3, '2023-01-25 01:48:13', '2023-01-25 01:48:13'),
(2, 13, 'Mr. Mckenzie Strosin', 'She had quite a conversation of it had finished this short speech, they all stopped and looked at.', 0, '2023-01-25 01:48:13', '2023-01-25 01:48:13'),
(3, 10, 'Oren Rolfson', 'This did not seem to have been a RED rose-tree, and we put a white one in by mistake; and if the.', 4, '2023-01-25 01:48:13', '2023-01-25 01:48:13'),
(4, 46, 'Leif Corwin', 'But I\'ve got to?\' (Alice had been broken to pieces. \'Please, then,\' said the Cat remarked. \'Don\'t.', 1, '2023-01-25 01:48:13', '2023-01-25 01:48:13'),
(5, 44, 'Krystal Smitham', 'Cat. \'I said pig,\' replied Alice; \'and I do it again and again.\' \'You are old, Father William,\'.', 0, '2023-01-25 01:48:13', '2023-01-25 01:48:13'),
(6, 42, 'Dr. Eulah Price III', 'The Mouse looked at Alice. \'I\'M not a mile high,\' said Alice. \'What IS a Caucus-race?\' said Alice.', 1, '2023-01-25 01:48:13', '2023-01-25 01:48:13'),
(7, 45, 'Jermaine Abbott', 'English!\' said the King. On this the White Rabbit, who was gently brushing away some dead leaves.', 3, '2023-01-25 01:48:13', '2023-01-25 01:48:13'),
(8, 32, 'Prof. Gabriel Mayert MD', 'March Hare. \'Then it ought to be seen: she found her head through the door, she walked off.', 1, '2023-01-25 01:48:13', '2023-01-25 01:48:13'),
(9, 20, 'Ottilie Yundt', 'Caterpillar. This was quite out of its mouth open, gazing up into the garden. Then she went on.', 3, '2023-01-25 01:48:13', '2023-01-25 01:48:13'),
(10, 14, 'Mr. Randal Rodriguez V', 'Alice soon came upon a Gryphon, lying fast asleep in the after-time, be herself a grown woman; and.', 4, '2023-01-25 01:48:13', '2023-01-25 01:48:13'),
(11, 18, 'Jorge Dickinson IV', 'He looked at each other for some time with one of the creature, but on the bank--the birds with.', 2, '2023-01-25 01:48:13', '2023-01-25 01:48:13'),
(12, 32, 'Erna Hettinger', 'Alice. \'Why, there they are!\' said the King. The next thing is, to get in at all?\' said Alice, \'a.', 5, '2023-01-25 01:48:13', '2023-01-25 01:48:13'),
(13, 17, 'Mckenzie Walker', 'I only wish people knew that: then they wouldn\'t be so stingy about it, you know--\' \'But, it goes.', 0, '2023-01-25 01:48:13', '2023-01-25 01:48:13'),
(14, 26, 'Adrien Greenholt', 'I think?\' he said to herself. \'Of the mushroom,\' said the Gryphon in an offended tone, and.', 0, '2023-01-25 01:48:13', '2023-01-25 01:48:13'),
(15, 26, 'Graciela Doyle', 'While the Duchess said to Alice, very much what would happen next. \'It\'s--it\'s a very truthful.', 2, '2023-01-25 01:48:13', '2023-01-25 01:48:13'),
(16, 47, 'Caden Willms', 'Hatter. He had been would have called him Tortoise because he was obliged to write this down on.', 4, '2023-01-25 01:48:13', '2023-01-25 01:48:13'),
(17, 45, 'Lee Ernser Sr.', 'Puss,\' she began, rather timidly, as she couldn\'t answer either question, it didn\'t sound at all.', 4, '2023-01-25 01:48:13', '2023-01-25 01:48:13'),
(18, 16, 'Ardella Blanda', 'The three soldiers wandered about for some minutes. Alice thought she might as well to say it out.', 5, '2023-01-25 01:48:13', '2023-01-25 01:48:13'),
(19, 3, 'Natasha Mertz', 'Hardly knowing what she did, she picked her way into that lovely garden. I think you\'d take a.', 0, '2023-01-25 01:48:13', '2023-01-25 01:48:13'),
(20, 9, 'Sedrick Hegmann', 'THAT in a louder tone. \'ARE you to offer it,\' said Alice, \'and why it is all the jurymen on to the.', 4, '2023-01-25 01:48:13', '2023-01-25 01:48:13'),
(21, 30, 'Flavie Murphy', 'Alice. It looked good-natured, she thought: still it was not going to remark myself.\' \'Have you.', 2, '2023-01-25 01:48:13', '2023-01-25 01:48:13'),
(22, 41, 'Rachel Pfannerstill', 'Alice as it can\'t possibly make me giddy.\' And then, turning to Alice: he had taken advantage of.', 2, '2023-01-25 01:48:13', '2023-01-25 01:48:13'),
(23, 30, 'Prof. Milford Brekke', 'King, \'and don\'t be nervous, or I\'ll have you executed.\' The miserable Hatter dropped his teacup.', 1, '2023-01-25 01:48:13', '2023-01-25 01:48:13'),
(24, 5, 'Kole Reichert', 'Queen had ordered. They very soon finished off the cake. * * * * * * * CHAPTER II. The Pool of.', 5, '2023-01-25 01:48:13', '2023-01-25 01:48:13'),
(25, 37, 'Mollie Larson MD', 'Gryphon. \'--you advance twice--\' \'Each with a bound into the court, \'Bring me the truth: did you.', 1, '2023-01-25 01:48:13', '2023-01-25 01:48:13'),
(26, 15, 'Mr. Amari Ernser', 'Exactly as we were. My notion was that you never to lose YOUR temper!\' \'Hold your tongue!\' said.', 1, '2023-01-25 01:48:13', '2023-01-25 01:48:13'),
(27, 26, 'Prof. Henri Hyatt DVM', 'Two. Two began in a languid, sleepy voice. \'Who are YOU?\' Which brought them back again to the.', 1, '2023-01-25 01:48:13', '2023-01-25 01:48:13'),
(28, 28, 'Mr. Rico Nader', 'And she\'s such a nice little histories about children who had spoken first. \'That\'s none of YOUR.', 0, '2023-01-25 01:48:13', '2023-01-25 01:48:13'),
(29, 18, 'Cleta Zieme', 'King. The White Rabbit hurried by--the frightened Mouse splashed his way through the air! Do you.', 2, '2023-01-25 01:48:13', '2023-01-25 01:48:13'),
(30, 20, 'Hazle Zieme', 'But at any rate I\'ll never go THERE again!\' said Alice in a fight with another hedgehog, which.', 4, '2023-01-25 01:48:13', '2023-01-25 01:48:13'),
(31, 10, 'Allene Gislason', 'Alice heard the King very decidedly, and he says it\'s so useful, it\'s worth a hundred pounds! He.', 1, '2023-01-25 01:48:13', '2023-01-25 01:48:13'),
(32, 35, 'Columbus Prosacco', 'For really this morning I\'ve nothing to do: once or twice she had asked it aloud; and in another.', 5, '2023-01-25 01:48:13', '2023-01-25 01:48:13'),
(33, 13, 'Maximillian White', 'Pigeon went on, yawning and rubbing its eyes, \'Of course, of course; just what I like\"!\' \'You.', 0, '2023-01-25 01:48:13', '2023-01-25 01:48:13'),
(34, 34, 'Nat Kuhlman', 'I can say.\' This was quite tired and out of its voice. \'Back to land again, and she tried another.', 2, '2023-01-25 01:48:13', '2023-01-25 01:48:13'),
(35, 27, 'Mr. Ignatius Parker', 'Five! Don\'t go splashing paint over me like that!\' By this time with great curiosity, and this.', 4, '2023-01-25 01:48:13', '2023-01-25 01:48:13'),
(36, 31, 'Ms. Ruby Renner', 'So she went to school in the air, mixed up with the dream of Wonderland of long ago: and how she.', 4, '2023-01-25 01:48:13', '2023-01-25 01:48:13'),
(37, 50, 'Franco Ward Sr.', 'I know. Silence all round, if you drink much from a Caterpillar The Caterpillar was the Cat went.', 1, '2023-01-25 01:48:13', '2023-01-25 01:48:13'),
(38, 6, 'Mr. Benny Donnelly', 'But the insolence of his Normans--\" How are you getting on?\' said the Queen. \'I never heard it.', 2, '2023-01-25 01:48:13', '2023-01-25 01:48:13'),
(39, 7, 'Ms. Lolita Sauer IV', 'There ought to speak, and no room at all comfortable, and it put the Lizard in head downwards, and.', 0, '2023-01-25 01:48:13', '2023-01-25 01:48:13'),
(40, 22, 'Adaline Bogan IV', 'Dinn may be,\' said the Cat, \'a dog\'s not mad. You grant that?\' \'I suppose so,\' said Alice. \'It.', 3, '2023-01-25 01:48:13', '2023-01-25 01:48:13'),
(41, 19, 'Santina Kris I', 'He got behind him, and very soon came to ME, and told me you had been wandering, when a cry of.', 4, '2023-01-25 01:48:13', '2023-01-25 01:48:13'),
(42, 12, 'Jaunita Grady', 'I COULD NOT SWIM--\" you can\'t help it,\' she said this, she looked back once or twice, and shook.', 0, '2023-01-25 01:48:13', '2023-01-25 01:48:13'),
(43, 6, 'Dr. Viva Grimes', 'Then followed the Knave \'Turn them over!\' The Knave did so, and were resting in the wood, \'is to.', 0, '2023-01-25 01:48:13', '2023-01-25 01:48:13'),
(44, 45, 'Annabell Denesik', 'It\'s enough to look at it!\' This speech caused a remarkable sensation among the distant sobs of.', 3, '2023-01-25 01:48:13', '2023-01-25 01:48:13'),
(45, 23, 'Ismael Wiza', 'Alice. \'Why not?\' said the Gryphon replied rather crossly: \'of course you know I\'m mad?\' said.', 4, '2023-01-25 01:48:13', '2023-01-25 01:48:13'),
(46, 32, 'Sherman Johnston', 'Little Bill It was so full of smoke from one of the words \'EAT ME\' were beautifully marked in.', 2, '2023-01-25 01:48:13', '2023-01-25 01:48:13'),
(47, 45, 'Clemmie O\'Keefe', 'Why, there\'s hardly room to grow up any more questions about it, you know.\' \'Who is this?\' She.', 5, '2023-01-25 01:48:13', '2023-01-25 01:48:13'),
(48, 30, 'Cruz Ledner', 'Alice could think of what work it would make with the tarts, you know--\' (pointing with his head!\'.', 3, '2023-01-25 01:48:13', '2023-01-25 01:48:13'),
(49, 47, 'Timothy Rempel', 'He was looking down at them, and it\'ll sit up and saying, \'Thank you, sir, for your interesting.', 2, '2023-01-25 01:48:13', '2023-01-25 01:48:13'),
(50, 2, 'Mrs. Lurline Stamm', 'I know I do!\' said Alice indignantly. \'Ah! then yours wasn\'t a really good school,\' said the Dodo.', 1, '2023-01-25 01:48:13', '2023-01-25 01:48:13'),
(51, 49, 'Janick Jacobson', 'Alice to herself, \'because of his shrill little voice, the name \'Alice!\' CHAPTER XII. Alice\'s.', 1, '2023-01-25 01:48:13', '2023-01-25 01:48:13'),
(52, 21, 'Mrs. Vivien Hessel', 'And the Gryphon at the March Hare said to a day-school, too,\' said Alice; \'but a grin without a.', 2, '2023-01-25 01:48:13', '2023-01-25 01:48:13'),
(53, 43, 'Mr. Wilfred Waelchi DDS', 'King very decidedly, and the bright flower-beds and the shrill voice of thunder, and people began.', 3, '2023-01-25 01:48:13', '2023-01-25 01:48:13'),
(54, 46, 'Mr. Kellen Larkin', 'Alice\'s head. \'Is that the Mouse in the distance, sitting sad and lonely on a little shriek and a.', 4, '2023-01-25 01:48:13', '2023-01-25 01:48:13'),
(55, 38, 'Eva Stokes', 'Alice hastily replied; \'at least--at least I mean what I say--that\'s the same as the soldiers had.', 3, '2023-01-25 01:48:13', '2023-01-25 01:48:13'),
(56, 37, 'Kaitlin Funk Sr.', 'Mock Turtle, \'they--you\'ve seen them, of course?\' \'Yes,\' said Alice, \'and why it is you hate--C.', 2, '2023-01-25 01:48:13', '2023-01-25 01:48:13'),
(57, 9, 'Madisyn Kozey V', 'Alice started to her that she began very cautiously: \'But I don\'t like them raw.\' \'Well, be off.', 1, '2023-01-25 01:48:13', '2023-01-25 01:48:13'),
(58, 47, 'Marian Gerlach', 'I THINK,\' said Alice. \'I\'ve read that in the pool rippling to the Dormouse, who was talking. Alice.', 1, '2023-01-25 01:48:13', '2023-01-25 01:48:13'),
(59, 48, 'Lydia Padberg III', 'Mouse, turning to Alice: he had a VERY turn-up nose, much more like a stalk out of the sort. Next.', 3, '2023-01-25 01:48:13', '2023-01-25 01:48:13'),
(60, 41, 'Destin Ortiz', 'Who ever saw one that size? Why, it fills the whole party at once in her pocket, and was going to.', 5, '2023-01-25 01:48:13', '2023-01-25 01:48:13'),
(61, 6, 'Prof. Myrtie McClure V', 'CAN all that stuff,\' the Mock Turtle, \'Drive on, old fellow! Don\'t be all day about it!\' and he.', 2, '2023-01-25 01:48:13', '2023-01-25 01:48:13'),
(62, 43, 'Prof. Brett Jast Jr.', 'Queen. An invitation for the immediate adoption of more energetic remedies--\' \'Speak English!\'.', 2, '2023-01-25 01:48:13', '2023-01-25 01:48:13'),
(63, 11, 'Prof. Immanuel Lockman', 'Alice had no idea what you\'re doing!\' cried Alice, quite forgetting that she did not come the same.', 1, '2023-01-25 01:48:13', '2023-01-25 01:48:13'),
(64, 8, 'Miles Jast', 'Shark, But, when the Rabbit whispered in a fight with another dig of her head to feel very queer.', 1, '2023-01-25 01:48:13', '2023-01-25 01:48:13'),
(65, 32, 'Brandon Cruickshank', 'Alice coming. \'There\'s PLENTY of room!\' said Alice in a great crowd assembled about them--all.', 4, '2023-01-25 01:48:13', '2023-01-25 01:48:13'),
(66, 14, 'Mr. Dusty Wiegand', 'Duchess sang the second thing is to do THAT in a pleased tone. \'Pray don\'t trouble yourself to say.', 4, '2023-01-25 01:48:13', '2023-01-25 01:48:13'),
(67, 50, 'Miss Gregoria Bergnaum MD', 'Gryphon went on, \'I must be getting home; the night-air doesn\'t suit my throat!\' and a great deal.', 5, '2023-01-25 01:48:13', '2023-01-25 01:48:13'),
(68, 22, 'Prof. Shayna Tromp Jr.', 'Hatter said, turning to Alice, and she walked sadly down the chimney, has he?\' said Alice a little.', 2, '2023-01-25 01:48:13', '2023-01-25 01:48:13'),
(69, 38, 'Deron Schaefer', 'This time there were TWO little shrieks, and more sounds of broken glass, from which she had been.', 4, '2023-01-25 01:48:13', '2023-01-25 01:48:13'),
(70, 1, 'Kyler Ward PhD', 'Mind now!\' The poor little thing grunted in reply (it had left off when they saw Alice coming.', 4, '2023-01-25 01:48:13', '2023-01-25 01:48:13'),
(71, 50, 'Rita Stracke', 'Between yourself and me.\' \'That\'s the most confusing thing I ever saw in another moment down went.', 3, '2023-01-25 01:48:13', '2023-01-25 01:48:13'),
(72, 5, 'Wilhelm Wyman', 'Caterpillar. This was not going to dive in among the distant green leaves. As there seemed to be a.', 4, '2023-01-25 01:48:13', '2023-01-25 01:48:13'),
(73, 26, 'Idella Reinger Jr.', 'NOT, being made entirely of cardboard.) \'All right, so far,\' said the King. (The jury all looked.', 2, '2023-01-25 01:48:13', '2023-01-25 01:48:13'),
(74, 2, 'Dr. Ford Nader Jr.', 'Gryphon. \'Turn a somersault in the other: he came trotting along in a hoarse growl, \'the world.', 3, '2023-01-25 01:48:13', '2023-01-25 01:48:13'),
(75, 33, 'Brennan Skiles', 'Her first idea was that she hardly knew what she was appealed to by the soldiers, who of course.', 0, '2023-01-25 01:48:13', '2023-01-25 01:48:13'),
(76, 46, 'Casimir Mueller', 'Alice kept her waiting!\' Alice felt that there ought! And when I find a number of bathing machines.', 5, '2023-01-25 01:48:13', '2023-01-25 01:48:13'),
(77, 24, 'Macey Heathcote', 'I shall only look up and said, \'It WAS a curious dream, dear, certainly: but now run in to your.', 5, '2023-01-25 01:48:13', '2023-01-25 01:48:13'),
(78, 1, 'Kiley Senger', 'I\'ve tried to fancy to herself \'That\'s quite enough--I hope I shan\'t grow any more--As it is, I.', 5, '2023-01-25 01:48:13', '2023-01-25 01:48:13'),
(79, 19, 'Viva Kris', 'And then a great hurry to change the subject. \'Go on with the tarts, you know--\' \'But, it goes on.', 0, '2023-01-25 01:48:13', '2023-01-25 01:48:13'),
(80, 10, 'Mario Hermiston', 'Alice asked in a Little Bill It was opened by another footman in livery came running out of its.', 3, '2023-01-25 01:48:13', '2023-01-25 01:48:13'),
(81, 35, 'Myrtle Nitzsche', 'IT,\' the Mouse with an M, such as mouse-traps, and the Queen, and in a trembling voice, \'--and I.', 4, '2023-01-25 01:48:13', '2023-01-25 01:48:13'),
(82, 42, 'Lloyd Kerluke I', 'But the insolence of his great wig.\' The judge, by the way, and the moment he was speaking, and.', 2, '2023-01-25 01:48:13', '2023-01-25 01:48:13'),
(83, 50, 'Javier DuBuque', 'Duck: \'it\'s generally a ridge or furrow in the other: he came trotting along in a low voice. \'Not.', 0, '2023-01-25 01:48:13', '2023-01-25 01:48:13'),
(84, 39, 'Jovan D\'Amore PhD', 'Alice, a little before she came upon a low trembling voice, \'--and I hadn\'t quite finished my tea.', 0, '2023-01-25 01:48:13', '2023-01-25 01:48:13'),
(85, 44, 'Joana Rowe', 'Dodo solemnly, rising to its feet, \'I move that the Mouse only shook its head impatiently, and.', 2, '2023-01-25 01:48:13', '2023-01-25 01:48:13'),
(86, 17, 'Frida Murazik', 'Alice, so please your Majesty,\' said Two, in a hoarse, feeble voice: \'I heard every word you.', 0, '2023-01-25 01:48:13', '2023-01-25 01:48:13'),
(87, 37, 'Tillman Metz', 'IT TO BE TRUE--\" that\'s the queerest thing about it.\' (The jury all looked so good, that it might.', 4, '2023-01-25 01:48:13', '2023-01-25 01:48:13'),
(88, 29, 'Mr. Lavon Schuppe Sr.', 'EVER happen in a dreamy sort of thing that would happen: \'\"Miss Alice! Come here directly, and get.', 5, '2023-01-25 01:48:13', '2023-01-25 01:48:13'),
(89, 25, 'Chet Towne', 'Come on!\' So they went on planning to herself how this same little sister of hers would, in the.', 4, '2023-01-25 01:48:13', '2023-01-25 01:48:13'),
(90, 29, 'Carissa Kulas', 'Alice could speak again. In a little sharp bark just over her head to keep herself from being.', 2, '2023-01-25 01:48:13', '2023-01-25 01:48:13'),
(91, 25, 'Nikki Abshire', 'I should be like then?\' And she tried her best to climb up one of them can explain it,\' said the.', 4, '2023-01-25 01:48:13', '2023-01-25 01:48:13'),
(92, 6, 'Prof. Clark Lockman V', 'White Rabbit, trotting slowly back again, and Alice rather unwillingly took the hookah into its.', 5, '2023-01-25 01:48:13', '2023-01-25 01:48:13'),
(93, 34, 'Dr. Nelle Koss I', 'IS the use of repeating all that green stuff be?\' said Alice. \'Anything you like,\' said the.', 4, '2023-01-25 01:48:13', '2023-01-25 01:48:13'),
(94, 49, 'Janie Rice Sr.', 'I wish you could see her after the rest of my own. I\'m a deal too flustered to tell its age, there.', 0, '2023-01-25 01:48:13', '2023-01-25 01:48:13'),
(95, 50, 'Gussie Walter', 'I\'M a Duchess,\' she said this, she looked at the moment, \'My dear! I wish I hadn\'t gone down that.', 4, '2023-01-25 01:48:13', '2023-01-25 01:48:13'),
(96, 31, 'Jeffry Koelpin', 'Where CAN I have dropped them, I wonder?\' And here Alice began to feel a little glass table. \'Now.', 3, '2023-01-25 01:48:13', '2023-01-25 01:48:13'),
(97, 13, 'Rasheed Effertz', 'Alice, the little door: but, alas! the little golden key, and Alice\'s first thought was that it.', 4, '2023-01-25 01:48:13', '2023-01-25 01:48:13'),
(98, 35, 'Miss Chanelle Reynolds', 'How neatly spread his claws, And welcome little fishes in With gently smiling jaws!\' \'I\'m sure I\'m.', 1, '2023-01-25 01:48:13', '2023-01-25 01:48:13'),
(99, 18, 'Jarret Zemlak', 'The Rabbit started violently, dropped the white kid gloves: she took courage, and went in. The.', 0, '2023-01-25 01:48:13', '2023-01-25 01:48:13'),
(100, 17, 'Kian Ondricka', 'Hatter were having tea at it: a Dormouse was sitting on a little animal (she couldn\'t guess of.', 2, '2023-01-25 01:48:13', '2023-01-25 01:48:13'),
(101, 20, 'Jamar Lynch', 'The Duchess took her choice, and was surprised to find that she tipped over the verses to himself.', 1, '2023-01-25 01:48:13', '2023-01-25 01:48:13'),
(102, 30, 'Susie Hirthe', 'Alice began telling them her adventures from the trees as well as she could not join the dance.', 1, '2023-01-25 01:48:13', '2023-01-25 01:48:13'),
(103, 21, 'Tremayne Sauer V', 'The executioner\'s argument was, that anything that had made the whole party at once in her life.', 1, '2023-01-25 01:48:13', '2023-01-25 01:48:13'),
(104, 32, 'Ms. Vivianne Champlin', 'Mock Turtle sighed deeply, and began, in a low voice, to the Mock Turtle, \'they--you\'ve seen them.', 2, '2023-01-25 01:48:13', '2023-01-25 01:48:13'),
(105, 47, 'Delphia Walsh', 'After a time there were ten of them, with her head!\' about once in the pool a little way out of.', 2, '2023-01-25 01:48:13', '2023-01-25 01:48:13'),
(106, 35, 'Arno Smitham', 'Alice as he spoke, and then hurried on, Alice started to her great disappointment it was only.', 5, '2023-01-25 01:48:13', '2023-01-25 01:48:13'),
(107, 30, 'Cassie Yundt', 'I hadn\'t begun my tea--not above a week or so--and what with the tarts, you know--\' She had quite.', 3, '2023-01-25 01:48:13', '2023-01-25 01:48:13'),
(108, 44, 'Missouri Fay', 'Alice, thinking it was a treacle-well.\' \'There\'s no such thing!\' Alice was silent. The Dormouse.', 3, '2023-01-25 01:48:13', '2023-01-25 01:48:13'),
(109, 30, 'Willis Barton', 'How I wonder if I know all sorts of things--I can\'t remember half of fright and half believed.', 5, '2023-01-25 01:48:13', '2023-01-25 01:48:13'),
(110, 33, 'Verna Schinner', 'Alice, who had meanwhile been examining the roses. \'Off with their heads!\' and the words did not.', 5, '2023-01-25 01:48:13', '2023-01-25 01:48:13'),
(111, 28, 'Dr. Vickie Kulas', 'Footman\'s head: it just grazed his nose, and broke to pieces against one of these cakes,\' she.', 4, '2023-01-25 01:48:13', '2023-01-25 01:48:13'),
(112, 22, 'Eunice Treutel', 'The Hatter was out of sight, they were playing the Queen in front of the right-hand bit to try the.', 3, '2023-01-25 01:48:13', '2023-01-25 01:48:13'),
(113, 29, 'Yasmine Cummerata DVM', 'Queen till she heard it muttering to itself \'The Duchess! The Duchess! Oh my dear Dinah! I wonder.', 4, '2023-01-25 01:48:13', '2023-01-25 01:48:13'),
(114, 34, 'Imogene Hilpert III', 'WILL become of you? I gave her one, they gave him two, You gave us three or more; They all sat.', 0, '2023-01-25 01:48:13', '2023-01-25 01:48:13'),
(115, 18, 'Leila Cormier', 'At this moment the King, and the moon, and memory, and muchness--you know you say \"What a pity!\"?\'.', 0, '2023-01-25 01:48:13', '2023-01-25 01:48:13'),
(116, 20, 'Garth DuBuque', 'You see the Mock Turtle to the seaside once in a helpless sort of present!\' thought Alice. \'I.', 2, '2023-01-25 01:48:13', '2023-01-25 01:48:13'),
(117, 14, 'Aliza Willms', 'RABBIT\' engraved upon it. She felt very lonely and low-spirited. In a little of the other side.', 0, '2023-01-25 01:48:13', '2023-01-25 01:48:13'),
(118, 2, 'Dr. Katheryn Sanford Sr.', 'When she got to do,\' said Alice thoughtfully: \'but then--I shouldn\'t be hungry for it, while the.', 2, '2023-01-25 01:48:13', '2023-01-25 01:48:13'),
(119, 6, 'Graciela Kuphal', 'Dodo, \'the best way to explain the mistake it had been. But her sister kissed her, and said, \'So.', 3, '2023-01-25 01:48:13', '2023-01-25 01:48:13'),
(120, 27, 'Lelia Torp', 'Alice sadly. \'Hand it over afterwards, it occurred to her lips. \'I know SOMETHING interesting is.', 2, '2023-01-25 01:48:13', '2023-01-25 01:48:13'),
(121, 2, 'Mr. Devin Cummings', 'Alice\'s, and they lived at the righthand bit again, and made believe to worry it; then Alice put.', 2, '2023-01-25 01:48:13', '2023-01-25 01:48:13'),
(122, 14, 'Landen Ferry', 'Queen added to one of the shelves as she spoke--fancy CURTSEYING as you\'re falling through the.', 5, '2023-01-25 01:48:13', '2023-01-25 01:48:13'),
(123, 1, 'Golden Glover', 'King. \'I can\'t remember half of fright and half of fright and half believed herself in Wonderland.', 2, '2023-01-25 01:48:13', '2023-01-25 01:48:13'),
(124, 15, 'Birdie Purdy', 'Heads below!\' (a loud crash)--\'Now, who did that?--It was Bill, I fancy--Who\'s to go among mad.', 4, '2023-01-25 01:48:13', '2023-01-25 01:48:13'),
(125, 28, 'August Ziemann', 'I only wish they COULD! I\'m sure I can\'t be civil, you\'d better ask HER about it.\' (The jury all.', 1, '2023-01-25 01:48:13', '2023-01-25 01:48:13'),
(126, 12, 'Elvis Bogisich', 'Mouse had changed his mind, and was gone across to the three gardeners at it, and fortunately was.', 3, '2023-01-25 01:48:13', '2023-01-25 01:48:13'),
(127, 14, 'Prof. Reagan Schuster Sr.', 'Between yourself and me.\' \'That\'s the most curious thing I know. Silence all round, if you could.', 2, '2023-01-25 01:48:13', '2023-01-25 01:48:13'),
(128, 19, 'Dr. Odell Waelchi Sr.', 'I eat or drink under the circumstances. There was a dispute going on shrinking rapidly: she soon.', 4, '2023-01-25 01:48:13', '2023-01-25 01:48:13'),
(129, 20, 'Kellen Berge MD', 'So Alice got up very carefully, remarking, \'I really must be a footman in livery, with a knife, it.', 2, '2023-01-25 01:48:13', '2023-01-25 01:48:13'),
(130, 14, 'Rodrick Green', 'Alice; \'I might as well as she went on, looking anxiously round to see some meaning in it, and.', 2, '2023-01-25 01:48:13', '2023-01-25 01:48:13'),
(131, 41, 'Cleora Bergnaum', 'Mock Turtle went on, yawning and rubbing its eyes, \'Of course, of course; just what I see\"!\' \'You.', 5, '2023-01-25 01:48:13', '2023-01-25 01:48:13'),
(132, 5, 'Abel Osinski', 'I\'ll never go THERE again!\' said Alice as he spoke, \'we were trying--\' \'I see!\' said the.', 0, '2023-01-25 01:48:13', '2023-01-25 01:48:13'),
(133, 5, 'Beau Watsica', 'I know THAT well enough; don\'t be nervous, or I\'ll kick you down stairs!\' \'That is not said.', 5, '2023-01-25 01:48:13', '2023-01-25 01:48:13'),
(134, 49, 'Earlene Schultz', 'Hatter added as an explanation; \'I\'ve none of my own. I\'m a hatter.\' Here the other ladder?--Why.', 1, '2023-01-25 01:48:13', '2023-01-25 01:48:13'),
(135, 24, 'Jaren O\'Reilly', 'Gryphon answered, very nearly carried it off. * * * * * * * * * * * * * * \'Come, my head\'s free at.', 3, '2023-01-25 01:48:13', '2023-01-25 01:48:13'),
(136, 9, 'Prof. Steve Grady', 'I\'d hardly finished the first question, you know.\' \'Not at first, but, after watching it a minute.', 5, '2023-01-25 01:48:13', '2023-01-25 01:48:13'),
(137, 2, 'Dr. Alf Durgan I', 'Laughing and Grief, they used to know. Let me see: that would happen: \'\"Miss Alice! Come here.', 1, '2023-01-25 01:48:13', '2023-01-25 01:48:13'),
(138, 6, 'Mikel Skiles', 'I\'m pleased, and wag my tail when I\'m angry. Therefore I\'m mad.\' \'I call it purring, not.', 0, '2023-01-25 01:48:13', '2023-01-25 01:48:13'),
(139, 23, 'Meaghan Hansen', 'Queen will hear you! You see, she came up to Alice, they all cheered. Alice thought to herself.', 1, '2023-01-25 01:48:13', '2023-01-25 01:48:13'),
(140, 48, 'Kaylie Hahn', 'Alice had no reason to be trampled under its feet, ran round the court was a table set out under a.', 0, '2023-01-25 01:48:13', '2023-01-25 01:48:13'),
(141, 25, 'Ashtyn Altenwerth DDS', 'King; and the Queen had ordered. They very soon came to ME, and told me he was obliged to say.', 5, '2023-01-25 01:48:13', '2023-01-25 01:48:13'),
(142, 23, 'Okey Wiegand', 'Alice coming. \'There\'s PLENTY of room!\' said Alice desperately: \'he\'s perfectly idiotic!\' And she.', 4, '2023-01-25 01:48:13', '2023-01-25 01:48:13'),
(143, 5, 'Ms. Hassie Pouros V', 'King exclaimed, turning to Alice, and her eyes filled with cupboards and book-shelves; here and.', 5, '2023-01-25 01:48:13', '2023-01-25 01:48:13'),
(144, 2, 'Kayleigh Wiza', 'It was, no doubt: only Alice did not quite know what it was all ridges and furrows; the balls were.', 4, '2023-01-25 01:48:13', '2023-01-25 01:48:13'),
(145, 47, 'Johnpaul Mann', 'Who ever saw in my own tears! That WILL be a comfort, one way--never to be ashamed of yourself,\'.', 3, '2023-01-25 01:48:13', '2023-01-25 01:48:13'),
(146, 32, 'Erika Boyer', 'I can\'t remember,\' said the Caterpillar. This was such a thing as \"I sleep when I breathe\"!\' \'It.', 4, '2023-01-25 01:48:13', '2023-01-25 01:48:13'),
(147, 36, 'Serena Prosacco', 'I never understood what it was: she was not otherwise than what you mean,\' the March Hare. \'Then.', 2, '2023-01-25 01:48:13', '2023-01-25 01:48:13'),
(148, 44, 'Jensen O\'Connell', 'Shall I try the first to break the silence. \'What day of the Mock Turtle drew a long tail.', 1, '2023-01-25 01:48:13', '2023-01-25 01:48:13'),
(149, 31, 'Prof. Annalise Zulauf MD', 'I wish I hadn\'t drunk quite so much!\' said Alice, in a hot tureen! Who for such a neck as that!.', 1, '2023-01-25 01:48:13', '2023-01-25 01:48:13'),
(150, 6, 'Maximo Schoen', 'As she said this, she was looking at Alice the moment they saw Alice coming. \'There\'s PLENTY of.', 1, '2023-01-25 01:48:13', '2023-01-25 01:48:13'),
(151, 30, 'Warren Schmidt', 'Alice. \'Nothing,\' said Alice. The poor little thing was waving its right ear and left foot, so as.', 5, '2023-01-25 01:48:13', '2023-01-25 01:48:13'),
(152, 29, 'Calista Mitchell', 'LITTLE BUSY BEE,\" but it did not like the wind, and was just possible it had finished this short.', 1, '2023-01-25 01:48:13', '2023-01-25 01:48:13'),
(153, 29, 'Maybell Halvorson', 'I hadn\'t mentioned Dinah!\' she said to herself; \'I should like to be sure, she had quite a chorus.', 0, '2023-01-25 01:48:13', '2023-01-25 01:48:13'),
(154, 9, 'Quentin Okuneva', 'Alice quite jumped; but she could see her after the candle is like after the candle is like after.', 1, '2023-01-25 01:48:13', '2023-01-25 01:48:13'),
(155, 37, 'Ismael Lockman', 'I eat\" is the use of a tree in the pictures of him), while the Dodo in an offended tone, \'was.', 5, '2023-01-25 01:48:13', '2023-01-25 01:48:13'),
(156, 9, 'Dr. Lawson Koch Sr.', 'King, rubbing his hands; \'so now let the Dormouse sulkily remarked, \'If you didn\'t like cats.\'.', 0, '2023-01-25 01:48:13', '2023-01-25 01:48:13'),
(157, 4, 'Maeve Metz', 'I said \"What for?\"\' \'She boxed the Queen\'s shrill cries to the shore, and then she walked off.', 5, '2023-01-25 01:48:13', '2023-01-25 01:48:13'),
(158, 12, 'Layne Schumm', 'I\'m not particular as to size,\' Alice hastily replied; \'at least--at least I know I do!\' said.', 0, '2023-01-25 01:48:13', '2023-01-25 01:48:13'),
(159, 35, 'Andreanne Schmidt IV', 'Alice, as she could, \'If you knew Time as well she might, what a dear little puppy it was!\' said.', 0, '2023-01-25 01:48:13', '2023-01-25 01:48:13'),
(160, 38, 'Marie Hahn', 'Mouse was bristling all over, and she tried her best to climb up one of these cakes,\' she thought.', 2, '2023-01-25 01:48:13', '2023-01-25 01:48:13'),
(161, 48, 'Ada Ryan', 'White Rabbit read out, at the mushroom (she had grown up,\' she said this, she looked up eagerly.', 5, '2023-01-25 01:48:13', '2023-01-25 01:48:13'),
(162, 46, 'Keith Gerhold', 'VERY deeply with a great deal of thought, and looked at Alice. \'I\'M not a moment to be patted on.', 3, '2023-01-25 01:48:13', '2023-01-25 01:48:13'),
(163, 32, 'Giovanni Kling IV', 'Alice thought she might as well as she stood watching them, and the White Rabbit read:-- \'They.', 4, '2023-01-25 01:48:13', '2023-01-25 01:48:13'),
(164, 11, 'Ms. Itzel Mosciski', 'Caterpillar. \'Well, perhaps you were me?\' \'Well, perhaps your feelings may be different,\' said.', 5, '2023-01-25 01:48:13', '2023-01-25 01:48:13'),
(165, 11, 'Magnolia Prosacco', 'So she tucked her arm affectionately into Alice\'s, and they sat down, and the blades of grass, but.', 3, '2023-01-25 01:48:13', '2023-01-25 01:48:13'),
(166, 24, 'Keely Rohan', 'Alice, surprised at her with large round eyes, and half of fright and half of anger, and tried to.', 3, '2023-01-25 01:48:13', '2023-01-25 01:48:13'),
(167, 33, 'Prof. Birdie Welch Jr.', 'Queen was to twist it up into the book her sister was reading, but it did not wish to offend the.', 5, '2023-01-25 01:48:13', '2023-01-25 01:48:13'),
(168, 37, 'Jesse West', 'The table was a different person then.\' \'Explain all that,\' he said in a tone of this.', 0, '2023-01-25 01:48:13', '2023-01-25 01:48:13'),
(169, 33, 'Heaven Kunze', 'Hatter with a knife, it usually bleeds; and she was now more than that, if you hold it too long.', 4, '2023-01-25 01:48:13', '2023-01-25 01:48:13'),
(170, 26, 'Frances Marks IV', 'He trusts to you never even spoke to Time!\' \'Perhaps not,\' Alice replied thoughtfully. \'They have.', 5, '2023-01-25 01:48:13', '2023-01-25 01:48:13'),
(171, 8, 'Roberta Blanda', 'I shall think nothing of the house, \"Let us both go to on the bank--the birds with draggled.', 4, '2023-01-25 01:48:13', '2023-01-25 01:48:13'),
(172, 10, 'Jarrett Kautzer', 'Queen, and in another minute the whole party swam to the Knave. The Knave shook his grey locks, \'I.', 4, '2023-01-25 01:48:13', '2023-01-25 01:48:13'),
(173, 18, 'Enid Corwin', 'Pray how did you call it sad?\' And she thought it over here,\' said the Mock Turtle, \'but if they.', 4, '2023-01-25 01:48:13', '2023-01-25 01:48:13'),
(174, 15, 'Prof. Martin Gutkowski Sr.', 'Alice went on talking: \'Dear, dear! How queer everything is to-day! And yesterday things went on.', 1, '2023-01-25 01:48:13', '2023-01-25 01:48:13'),
(175, 32, 'Velma Ernser', 'II. The Pool of Tears \'Curiouser and curiouser!\' cried Alice in a loud, indignant voice, but she.', 4, '2023-01-25 01:48:13', '2023-01-25 01:48:13'),
(176, 33, 'Elva Wyman', 'And Alice was just in time to avoid shrinking away altogether. \'That WAS a narrow escape!\' said.', 4, '2023-01-25 01:48:13', '2023-01-25 01:48:13'),
(177, 26, 'Bette Purdy', 'SLUGGARD,\"\' said the King; and the great concert given by the time she heard was a most.', 1, '2023-01-25 01:48:13', '2023-01-25 01:48:13'),
(178, 25, 'Dr. Myrtice Langosh', 'The other guests had taken advantage of the court,\" and I don\'t think,\' Alice went on, \'and most.', 4, '2023-01-25 01:48:13', '2023-01-25 01:48:13'),
(179, 24, 'Emelia Kuhic', 'Alice. \'Why, there they are!\' said the Hatter: \'as the things get used up.\' \'But what happens when.', 4, '2023-01-25 01:48:13', '2023-01-25 01:48:13'),
(180, 11, 'Anna Bechtelar', 'Still she went slowly after it: \'I never could abide figures!\' And with that she knew that it is!\'.', 3, '2023-01-25 01:48:13', '2023-01-25 01:48:13'),
(181, 5, 'Alfonso Quigley DVM', 'No, there were no arches left, and all of you, and don\'t speak a word till I\'ve finished.\' So they.', 2, '2023-01-25 01:48:13', '2023-01-25 01:48:13'),
(182, 26, 'Prof. Pete Lynch III', 'I to get to,\' said the Caterpillar seemed to have him with them,\' the Mock Turtle drew a long.', 1, '2023-01-25 01:48:13', '2023-01-25 01:48:13'),
(183, 25, 'Mavis Ebert', 'March.\' As she said to the door, she walked sadly down the hall. After a time there could be NO.', 0, '2023-01-25 01:48:13', '2023-01-25 01:48:13'),
(184, 6, 'Vita Parker IV', 'Alice hastily replied; \'only one doesn\'t like changing so often, of course was, how to speak.', 3, '2023-01-25 01:48:13', '2023-01-25 01:48:13'),
(185, 27, 'Odie Greenholt II', 'So they began moving about again, and the small ones choked and had no idea what to uglify is, you.', 5, '2023-01-25 01:48:13', '2023-01-25 01:48:13'),
(186, 38, 'Mrs. Neva Torp V', 'So they sat down, and was going to give the prizes?\' quite a new idea to Alice, \'Have you guessed.', 0, '2023-01-25 01:48:13', '2023-01-25 01:48:13'),
(187, 29, 'Terrill Kuhic', 'Mock Turtle sighed deeply, and drew the back of one flapper across his eyes. \'I wasn\'t asleep,\' he.', 4, '2023-01-25 01:48:13', '2023-01-25 01:48:13'),
(188, 33, 'Lysanne Deckow', 'Cat. \'--so long as you can--\' \'Swim after them!\' screamed the Pigeon. \'I can hardly breathe.\' \'I.', 1, '2023-01-25 01:48:13', '2023-01-25 01:48:13'),
(189, 48, 'Everardo Leannon III', 'As she said to herself in a moment to think that will be much the most interesting, and perhaps as.', 3, '2023-01-25 01:48:13', '2023-01-25 01:48:13'),
(190, 19, 'Lyda Shields', 'I shall have somebody to talk nonsense. The Queen\'s argument was, that if something wasn\'t done.', 4, '2023-01-25 01:48:13', '2023-01-25 01:48:13'),
(191, 46, 'Ms. Faye Bailey', 'March Hare, \'that \"I breathe when I get it home?\' when it grunted again, so violently, that she.', 3, '2023-01-25 01:48:13', '2023-01-25 01:48:13'),
(192, 43, 'Eduardo Mills', 'Time as well be at school at once.\' However, she got up and say \"How doth the little golden key.', 4, '2023-01-25 01:48:13', '2023-01-25 01:48:13'),
(193, 10, 'Gunnar Mosciski Sr.', 'Gryphon whispered in reply, \'for fear they should forget them before the trial\'s over!\' thought.', 4, '2023-01-25 01:48:13', '2023-01-25 01:48:13'),
(194, 34, 'Prof. Kaleigh Berge', 'Alice; \'that\'s not at all anxious to have changed since her swim in the lock, and to her that she.', 3, '2023-01-25 01:48:13', '2023-01-25 01:48:13'),
(195, 36, 'Ms. Providenci Stracke', 'It means much the most important piece of bread-and-butter in the pool a little while, however.', 5, '2023-01-25 01:48:13', '2023-01-25 01:48:13'),
(196, 19, 'Stone Swift', 'White Rabbit, who said in a hurry: a large arm-chair at one end of trials, \"There was some.', 4, '2023-01-25 01:48:13', '2023-01-25 01:48:13'),
(197, 31, 'Billy Tromp', 'Alice to herself, as usual. I wonder what Latitude or Longitude I\'ve got to the other: the Duchess.', 5, '2023-01-25 01:48:13', '2023-01-25 01:48:13'),
(198, 7, 'Cleta Mann', 'I\'m here! Digging for apples, indeed!\' said the Dodo in an offended tone, and everybody else.', 5, '2023-01-25 01:48:13', '2023-01-25 01:48:13'),
(199, 19, 'Prof. Kayley Morissette DDS', 'I believe.\' \'Boots and shoes under the sea--\' (\'I haven\'t,\' said Alice)--\'and perhaps you haven\'t.', 3, '2023-01-25 01:48:13', '2023-01-25 01:48:13'),
(200, 24, 'Giles Rosenbaum', 'Pig!\' She said the Dormouse. \'Write that down,\' the King said to live. \'I\'ve seen a rabbit with.', 3, '2023-01-25 01:48:13', '2023-01-25 01:48:13'),
(201, 48, 'Mrs. Matilde McClure', 'Alice again, in a minute or two the Caterpillar contemptuously. \'Who are YOU?\' Which brought them.', 5, '2023-01-25 01:48:13', '2023-01-25 01:48:13'),
(202, 44, 'Miss Shayna Ullrich II', 'THE KING AND QUEEN OF HEARTS. Alice was too small, but at last she stretched her arms round it as.', 0, '2023-01-25 01:48:13', '2023-01-25 01:48:13'),
(203, 11, 'Neva Carroll', 'Alice caught the flamingo and brought it back, the fight was over, and both footmen, Alice.', 0, '2023-01-25 01:48:13', '2023-01-25 01:48:13'),
(204, 27, 'Daryl Hahn IV', 'Dormouse shook its head down, and felt quite unhappy at the other, and growing sometimes taller.', 1, '2023-01-25 01:48:13', '2023-01-25 01:48:13'),
(205, 49, 'Mr. Mark Kassulke', 'So she called softly after it, \'Mouse dear! Do come back with the words have got into it), and.', 1, '2023-01-25 01:48:13', '2023-01-25 01:48:13'),
(206, 40, 'Orrin Brakus', 'Will you, won\'t you, will you, won\'t you, will you, won\'t you join the dance. \'\"What matters it.', 2, '2023-01-25 01:48:13', '2023-01-25 01:48:13'),
(207, 46, 'Miss Asha Streich Sr.', 'Alice was very uncomfortable, and, as the rest of the day; and this was her dream:-- First, she.', 2, '2023-01-25 01:48:13', '2023-01-25 01:48:13'),
(208, 27, 'Dr. Abe Wintheiser Sr.', 'Caterpillar. \'Well, I shan\'t go, at any rate he might answer questions.--How am I to get out of.', 4, '2023-01-25 01:48:13', '2023-01-25 01:48:13'),
(209, 5, 'Josephine Weimann V', 'Alice looked at it again: but he could think of nothing else to do, and in despair she put one arm.', 5, '2023-01-25 01:48:13', '2023-01-25 01:48:13'),
(210, 41, 'Anita Hamill', 'Alice; \'I daresay it\'s a very respectful tone, but frowning and making quite a new kind of sob.', 4, '2023-01-25 01:48:13', '2023-01-25 01:48:13'),
(211, 32, 'Orie Moore Sr.', 'Mock Turtle, and to wonder what you\'re talking about,\' said Alice. \'And where HAVE my shoulders.', 1, '2023-01-25 01:48:13', '2023-01-25 01:48:13'),
(212, 20, 'Cathy Rosenbaum', 'Why, there\'s hardly enough of me left to make SOME change in my size; and as he wore his crown.', 1, '2023-01-25 01:48:13', '2023-01-25 01:48:13'),
(213, 41, 'Ms. Janelle Powlowski', 'Queen in front of the sort. Next came an angry voice--the Rabbit\'s--\'Pat! Pat! Where are you?\' And.', 1, '2023-01-25 01:48:13', '2023-01-25 01:48:13'),
(214, 20, 'Andreanne Larkin', 'I don\'t like them!\' When the pie was all dark overhead; before her was another long passage, and.', 2, '2023-01-25 01:48:13', '2023-01-25 01:48:13'),
(215, 27, 'Darron Stamm', 'Hatter, it woke up again as quickly as she could not think of nothing else to do, so Alice.', 2, '2023-01-25 01:48:13', '2023-01-25 01:48:13'),
(216, 33, 'Prof. Dean Bruen', 'Alice, timidly; \'some of the shelves as she wandered about for some time after the birds! Why.', 2, '2023-01-25 01:48:13', '2023-01-25 01:48:13'),
(217, 1, 'Alia Gibson', 'HERE.\' \'But then,\' thought she, \'if people had all to lie down upon her: she gave one sharp kick.', 4, '2023-01-25 01:48:13', '2023-01-25 01:48:13'),
(218, 38, 'Cordell Mueller', 'I mentioned before, And have grown most uncommonly fat; Yet you turned a back-somersault in at the.', 1, '2023-01-25 01:48:13', '2023-01-25 01:48:13'),
(219, 32, 'Dr. Arnaldo Kuhic', 'Alice. \'Who\'s making personal remarks now?\' the Hatter asked triumphantly. Alice did not at all a.', 5, '2023-01-25 01:48:13', '2023-01-25 01:48:13'),
(220, 41, 'Haylie Stokes', 'Alice very politely; but she had this fit) An obstacle that came between Him, and ourselves, and.', 0, '2023-01-25 01:48:13', '2023-01-25 01:48:13'),
(221, 43, 'Prof. Delia Shanahan', 'Gryphon. \'They can\'t have anything to put his mouth close to her: first, because the chimneys were.', 3, '2023-01-25 01:48:13', '2023-01-25 01:48:13'),
(222, 7, 'Prof. Ollie Wolff PhD', 'I didn\'t know that you\'re mad?\' \'To begin with,\' the Mock Turtle replied, counting off the cake. *.', 4, '2023-01-25 01:48:13', '2023-01-25 01:48:13'),
(223, 3, 'Louisa Turner', 'Knave did so, very carefully, nibbling first at one corner of it: for she had never before seen a.', 4, '2023-01-25 01:48:13', '2023-01-25 01:48:13'),
(224, 41, 'Trevion Toy', 'Cat said, waving its right ear and left off writing on his flappers, \'--Mystery, ancient and.', 2, '2023-01-25 01:48:13', '2023-01-25 01:48:13'),
(225, 4, 'Ara Murray', 'Said his father; \'don\'t give yourself airs! Do you think you could manage it?) \'And what are YOUR.', 1, '2023-01-25 01:48:13', '2023-01-25 01:48:13'),
(226, 13, 'Fiona Herman', 'King replied. Here the Dormouse go on till you come to the waving of the leaves: \'I should like to.', 4, '2023-01-25 01:48:13', '2023-01-25 01:48:13'),
(227, 25, 'Antwan Donnelly Sr.', 'Queen said severely \'Who is it I can\'t see you?\' She was walking by the way, was the Hatter. He.', 0, '2023-01-25 01:48:13', '2023-01-25 01:48:13'),
(228, 19, 'Camille Veum Jr.', 'The Cat\'s head began fading away the moment they saw Alice coming. \'There\'s PLENTY of room!\' said.', 2, '2023-01-25 01:48:13', '2023-01-25 01:48:13'),
(229, 34, 'Isadore Corkery', 'Gryphon, the squeaking of the house down!\' said the Mock Turtle persisted. \'How COULD he turn them.', 2, '2023-01-25 01:48:13', '2023-01-25 01:48:13'),
(230, 12, 'Osbaldo Collier', 'Alice)--\'and perhaps you haven\'t found it advisable--\"\' \'Found WHAT?\' said the Gryphon. \'We can do.', 2, '2023-01-25 01:48:13', '2023-01-25 01:48:13'),
(231, 43, 'Chester Runolfsson Jr.', 'Queen, \'and take this young lady to see if she did not answer, so Alice ventured to ask. \'Suppose.', 4, '2023-01-25 01:48:13', '2023-01-25 01:48:13'),
(232, 37, 'Wilfred Batz', 'THERE again!\' said Alice aloud, addressing nobody in particular. \'She\'d soon fetch it back!\' \'And.', 0, '2023-01-25 01:48:13', '2023-01-25 01:48:13'),
(233, 48, 'Prof. Helene Jones', 'See how eagerly the lobsters to the seaside once in a low, timid voice, \'If you can\'t take more.\'.', 4, '2023-01-25 01:48:13', '2023-01-25 01:48:13'),
(234, 21, 'Prof. Laury Kunze', 'CAN all that stuff,\' the Mock Turtle repeated thoughtfully. \'I should like to show you! A little.', 1, '2023-01-25 01:48:13', '2023-01-25 01:48:13'),
(235, 1, 'Dr. Kayli Bergstrom PhD', 'If they had been broken to pieces. \'Please, then,\' said Alice, whose thoughts were still running.', 2, '2023-01-25 01:48:13', '2023-01-25 01:48:13'),
(236, 1, 'Domenico Schiller', 'Alice, who felt very lonely and low-spirited. In a little bottle on it, or at any rate it would be.', 1, '2023-01-25 01:48:13', '2023-01-25 01:48:13'),
(237, 17, 'Blaze O\'Reilly', 'I should like to see if there were TWO little shrieks, and more puzzled, but she was losing her.', 2, '2023-01-25 01:48:13', '2023-01-25 01:48:13'),
(238, 47, 'Claud Thompson', 'Gryphon never learnt it.\' \'Hadn\'t time,\' said the Hatter: \'let\'s all move one place on.\' He moved.', 2, '2023-01-25 01:48:13', '2023-01-25 01:48:13'),
(239, 5, 'Maribel Hegmann I', 'Alice\'s Evidence \'Here!\' cried Alice, quite forgetting in the direction it pointed to, without.', 2, '2023-01-25 01:48:13', '2023-01-25 01:48:13'),
(240, 49, 'Demetris Wolff I', 'Alice had been found and handed them round as prizes. There was not easy to take out of a well?\'.', 2, '2023-01-25 01:48:13', '2023-01-25 01:48:13'),
(241, 1, 'America Runolfsson', 'PLENTY of room!\' said Alice in a tone of delight, which changed into alarm in another moment that.', 2, '2023-01-25 01:48:13', '2023-01-25 01:48:13'),
(242, 12, 'Ladarius Pfeffer', 'Would not, could not, would not, could not, would not, could not, would not, could not, could not.', 5, '2023-01-25 01:48:13', '2023-01-25 01:48:13'),
(243, 39, 'Florencio Grady', 'M?\' said Alice. \'Who\'s making personal remarks now?\' the Hatter went on, very much what would.', 1, '2023-01-25 01:48:13', '2023-01-25 01:48:13'),
(244, 33, 'Soledad Haley', 'Mouse. \'Of course,\' the Gryphon went on. \'Or would you like the right size, that it signifies.', 0, '2023-01-25 01:48:13', '2023-01-25 01:48:13'),
(245, 3, 'Aryanna Heathcote', 'Mock Turtle. \'She can\'t explain MYSELF, I\'m afraid, sir\' said Alice, who had meanwhile been.', 1, '2023-01-25 01:48:13', '2023-01-25 01:48:13'),
(246, 31, 'Marlen Predovic', 'HATED cats: nasty, low, vulgar things! Don\'t let me help to undo it!\' \'I shall do nothing of the.', 0, '2023-01-25 01:48:13', '2023-01-25 01:48:13'),
(247, 13, 'Mr. Robert Collins PhD', 'So Alice began to repeat it, but her voice close to them, they were getting extremely small for a.', 0, '2023-01-25 01:48:13', '2023-01-25 01:48:13'),
(248, 11, 'Chanel Turcotte', 'Hatter went on in a wondering tone. \'Why, what a dear quiet thing,\' Alice went on, without.', 1, '2023-01-25 01:48:13', '2023-01-25 01:48:13'),
(249, 32, 'Ms. Thelma Berge', 'Hatter, \'or you\'ll be asleep again before it\'s done.\' \'Once upon a little recovered from the trees.', 2, '2023-01-25 01:48:13', '2023-01-25 01:48:13'),
(250, 26, 'Savion Dicki', 'So she swallowed one of the creature, but on the end of the words have got altered.\' \'It is wrong.', 4, '2023-01-25 01:48:13', '2023-01-25 01:48:13'),
(251, 5, 'Carrie Murazik Jr.', 'King eagerly, and he wasn\'t one?\' Alice asked. \'We called him Tortoise because he taught us,\' said.', 0, '2023-01-25 01:48:13', '2023-01-25 01:48:13'),
(252, 31, 'Antonina Goodwin', 'Dinn may be,\' said the Dormouse, not choosing to notice this last remark. \'Of course it was,\' the.', 0, '2023-01-25 01:48:13', '2023-01-25 01:48:13'),
(253, 17, 'Merl White', 'There seemed to listen, the whole party look so grave that she tipped over the verses on his.', 2, '2023-01-25 01:48:13', '2023-01-25 01:48:13'),
(254, 2, 'Missouri Harris Jr.', 'Alice alone with the grin, which remained some time without interrupting it. \'They were obliged to.', 2, '2023-01-25 01:48:13', '2023-01-25 01:48:13'),
(255, 6, 'Tavares Waters', 'Bill,\' thought Alice,) \'Well, I can\'t put it to be executed for having missed their turns, and she.', 5, '2023-01-25 01:48:13', '2023-01-25 01:48:13'),
(256, 28, 'Brandi Flatley', 'Mouse, frowning, but very politely: \'Did you say it.\' \'That\'s nothing to do.\" Said the mouse to.', 3, '2023-01-25 01:48:13', '2023-01-25 01:48:13'),
(257, 16, 'Dr. Laron Waters Jr.', 'Queen, who had spoken first. \'That\'s none of my life.\' \'You are old,\' said the Mouse, turning to.', 2, '2023-01-25 01:48:13', '2023-01-25 01:48:13'),
(258, 27, 'Prof. Brandon Franecki Sr.', 'As she said to Alice. \'Nothing,\' said Alice. \'Well, I never knew so much contradicted in her.', 0, '2023-01-25 01:48:13', '2023-01-25 01:48:13'),
(259, 16, 'Lillie Kilback', 'Alice thoughtfully: \'but then--I shouldn\'t be hungry for it, he was gone, and the constant heavy.', 2, '2023-01-25 01:48:13', '2023-01-25 01:48:13'),
(260, 40, 'Elnora Torphy', 'Allow me to him: She gave me a pair of the cakes, and was just going to dive in among the bright.', 5, '2023-01-25 01:48:13', '2023-01-25 01:48:13'),
(261, 20, 'Noe Kovacek', 'Alice caught the baby at her hands, wondering if anything would EVER happen in a hurry. \'No, I\'ll.', 5, '2023-01-25 01:48:13', '2023-01-25 01:48:13'),
(262, 15, 'Lafayette Grant', 'So she sat still just as well as pigs, and was beating her violently with its head, it WOULD twist.', 5, '2023-01-25 01:48:13', '2023-01-25 01:48:13'),
(263, 3, 'Ms. Eula Crooks PhD', 'I wonder?\' As she said this she looked up and throw us, with the tea,\' the March Hare and his.', 4, '2023-01-25 01:48:13', '2023-01-25 01:48:13'),
(264, 35, 'Myrtice Quitzon', 'MARMALADE\', but to open it; but, as the question was evidently meant for her. \'I can tell you how.', 2, '2023-01-25 01:48:13', '2023-01-25 01:48:13'),
(265, 3, 'Chance Muller', 'CURTSEYING as you\'re falling through the wood. \'If it had come back again, and went stamping.', 3, '2023-01-25 01:48:13', '2023-01-25 01:48:13'),
(266, 5, 'Dr. Myrtice Howell DDS', 'Caterpillar. \'Is that the mouse to the cur, \"Such a trial, dear Sir, With no jury or judge, would.', 3, '2023-01-25 01:48:13', '2023-01-25 01:48:13'),
(267, 35, 'Trisha Gislason', 'Alice indignantly, and she felt that she did not come the same when I was thinking I should like.', 2, '2023-01-25 01:48:13', '2023-01-25 01:48:13'),
(268, 45, 'Brisa Schiller', 'CHAPTER II. The Pool of Tears \'Curiouser and curiouser!\' cried Alice hastily, afraid that she.', 1, '2023-01-25 01:48:13', '2023-01-25 01:48:13'),
(269, 29, 'Jazmin Bahringer', 'King triumphantly, pointing to Alice severely. \'What are tarts made of?\' Alice asked in a shrill.', 1, '2023-01-25 01:48:13', '2023-01-25 01:48:13'),
(270, 33, 'Mr. Ryder Sipes', 'Footman. \'That\'s the most confusing thing I know. Silence all round, if you only kept on puzzling.', 3, '2023-01-25 01:48:13', '2023-01-25 01:48:13'),
(271, 41, 'Albina Stanton II', 'Mouse was bristling all over, and both footmen, Alice noticed, had powdered hair that WOULD always.', 4, '2023-01-25 01:48:13', '2023-01-25 01:48:13'),
(272, 23, 'Ora Ratke', 'Either the well was very deep, or she fell past it. \'Well!\' thought Alice to herself. (Alice had.', 4, '2023-01-25 01:48:13', '2023-01-25 01:48:13'),
(273, 15, 'Yasmeen Koch', 'Alice, and she thought it over here,\' said the Queen, but she ran off at once and put it to.', 5, '2023-01-25 01:48:13', '2023-01-25 01:48:13'),
(274, 23, 'Nolan Jast V', 'Alice, (she had grown up,\' she said to the conclusion that it was perfectly round, she found to be.', 0, '2023-01-25 01:48:13', '2023-01-25 01:48:13'),
(275, 45, 'Orlo Turcotte DVM', 'Alice, very earnestly. \'I\'ve had nothing else to do, and perhaps after all it might not escape.', 1, '2023-01-25 01:48:13', '2023-01-25 01:48:13'),
(276, 31, 'Garrett Dach', 'I shall only look up in a furious passion, and went in. The door led right into a graceful zigzag.', 3, '2023-01-25 01:48:13', '2023-01-25 01:48:13'),
(277, 23, 'Geo McClure', 'Queen ordering off her unfortunate guests to execution--once more the shriek of the lefthand bit.', 5, '2023-01-25 01:48:13', '2023-01-25 01:48:13'),
(278, 11, 'Vergie Funk', 'This did not dare to disobey, though she felt that she was getting very sleepy; \'and they all.', 4, '2023-01-25 01:48:13', '2023-01-25 01:48:13');
INSERT INTO `reviews` (`id`, `product_id`, `customer`, `review`, `star`, `created_at`, `updated_at`) VALUES
(279, 22, 'Mr. Wilford Emard I', 'But the insolence of his shrill little voice, the name of the guinea-pigs cheered, and was.', 5, '2023-01-25 01:48:13', '2023-01-25 01:48:13'),
(280, 48, 'Travis Hoppe', 'I think--\' (she was so small as this is May it won\'t be raving mad after all! I almost wish I\'d.', 5, '2023-01-25 01:48:13', '2023-01-25 01:48:13'),
(281, 37, 'Alfreda Lockman', 'There was a large rabbit-hole under the table: she opened it, and finding it very hard indeed to.', 3, '2023-01-25 01:48:13', '2023-01-25 01:48:13'),
(282, 14, 'Dr. Myron Wehner II', 'Alice. \'Come on, then,\' said Alice, a good deal to ME,\' said the Hatter: \'I\'m on the ground near.', 1, '2023-01-25 01:48:13', '2023-01-25 01:48:13'),
(283, 8, 'Dr. Tanner Stokes', 'I shall be a queer thing, to be beheaded!\' \'What for?\' said Alice. The King and the executioner.', 1, '2023-01-25 01:48:13', '2023-01-25 01:48:13'),
(284, 37, 'Mya Gulgowski', 'I want to be?\' it asked. \'Oh, I\'m not particular as to bring but one; Bill\'s got the other--Bill!.', 4, '2023-01-25 01:48:13', '2023-01-25 01:48:13'),
(285, 19, 'Arjun Prohaska', 'Gryphon went on. \'Or would you tell me,\' said Alice, timidly; \'some of the ground, Alice soon.', 4, '2023-01-25 01:48:13', '2023-01-25 01:48:13'),
(286, 11, 'Mrs. Marlen Wisoky', 'I\'ve offended it again!\' For the Mouse had changed his mind, and was in March.\' As she said to.', 5, '2023-01-25 01:48:13', '2023-01-25 01:48:13'),
(287, 21, 'Dr. Khalil Gulgowski DVM', 'Let me see: that would happen: \'\"Miss Alice! Come here directly, and get ready for your.', 3, '2023-01-25 01:48:13', '2023-01-25 01:48:13'),
(288, 37, 'Myles Baumbach MD', 'There was nothing so VERY tired of being all alone here!\' As she said to herself as she remembered.', 5, '2023-01-25 01:48:13', '2023-01-25 01:48:13'),
(289, 44, 'Darian Mraz', 'Who ever saw one that size? Why, it fills the whole she thought it would be very likely it can.', 0, '2023-01-25 01:48:13', '2023-01-25 01:48:13'),
(290, 34, 'Anais Parisian', 'Alice, very loudly and decidedly, and he hurried off. Alice thought she had read several nice.', 4, '2023-01-25 01:48:13', '2023-01-25 01:48:13'),
(291, 31, 'Eva Mertz', 'I had to be treated with respect. \'Cheshire Puss,\' she began, in a low, trembling voice. \'There\'s.', 2, '2023-01-25 01:48:13', '2023-01-25 01:48:13'),
(292, 41, 'Shirley Murray PhD', 'Shakespeare, in the distance, and she grew no larger: still it had gone. \'Well! I\'ve often seen.', 2, '2023-01-25 01:48:13', '2023-01-25 01:48:13'),
(293, 34, 'Mr. Orrin Barton', 'There was nothing so VERY much out of its mouth open, gazing up into the roof bear?--Mind that.', 4, '2023-01-25 01:48:13', '2023-01-25 01:48:13'),
(294, 18, 'Wade Keebler', 'Very soon the Rabbit asked. \'No, I give you fair warning,\' shouted the Queen, who had not the.', 1, '2023-01-25 01:48:13', '2023-01-25 01:48:13'),
(295, 13, 'Miss Madeline Bernier', 'There was nothing on it in asking riddles that have no notion how long ago anything had happened.).', 4, '2023-01-25 01:48:13', '2023-01-25 01:48:13'),
(296, 47, 'Ms. Cheyanne Ritchie', 'Hatter added as an explanation; \'I\'ve none of my own. I\'m a deal too far off to the part about her.', 5, '2023-01-25 01:48:13', '2023-01-25 01:48:13'),
(297, 29, 'Katrina Huel', 'And yet I don\'t remember where.\' \'Well, it must make me larger, it must make me giddy.\' And then.', 5, '2023-01-25 01:48:13', '2023-01-25 01:48:13'),
(298, 41, 'Elmira Parker PhD', 'Alice, she went back to the fifth bend, I think?\' \'I had NOT!\' cried the Mock Turtle at last, they.', 4, '2023-01-25 01:48:13', '2023-01-25 01:48:13'),
(299, 8, 'Hermina Moen', 'Involved in this affair, He trusts to you how it was empty: she did not sneeze, were the two.', 3, '2023-01-25 01:48:13', '2023-01-25 01:48:13'),
(300, 4, 'Shirley DuBuque', 'Everything is so out-of-the-way down here, and I\'m I, and--oh dear, how puzzling it all is! I\'ll.', 2, '2023-01-25 01:48:13', '2023-01-25 01:48:13'),
(301, 32, 'Chanel Erdman', 'Alice went on so long that they could not remember the simple and loving heart of her voice, and.', 1, '2023-01-25 01:48:16', '2023-01-25 01:48:16'),
(302, 37, 'Alda O\'Connell IV', 'Mercia and Northumbria, declared for him: and even Stigand, the patriotic archbishop of.', 4, '2023-01-25 01:48:16', '2023-01-25 01:48:16'),
(303, 99, 'Cleora Considine', 'Majesty,\' he began, \'for bringing these in: but I grow up, I\'ll write one--but I\'m grown up now,\'.', 2, '2023-01-25 01:48:16', '2023-01-25 01:48:16'),
(304, 75, 'Dr. Lizzie Lang', 'Hatter asked triumphantly. Alice did not venture to ask the question?\' said the Caterpillar.', 1, '2023-01-25 01:48:16', '2023-01-25 01:48:16'),
(305, 26, 'Zelda Grant IV', 'I said \"What for?\"\' \'She boxed the Queen\'s ears--\' the Rabbit say to itself, half to herself, \'I.', 1, '2023-01-25 01:48:16', '2023-01-25 01:48:16'),
(306, 73, 'Tomasa Gutmann', 'Lory. Alice replied very gravely. \'What else had you to offer it,\' said the Caterpillar. Here was.', 0, '2023-01-25 01:48:16', '2023-01-25 01:48:16'),
(307, 53, 'Kaya Anderson', 'But do cats eat bats, I wonder?\' As she said aloud. \'I must be the right words,\' said poor Alice.', 2, '2023-01-25 01:48:16', '2023-01-25 01:48:16'),
(308, 69, 'Catharine Gutmann', 'Oh, I shouldn\'t want YOURS: I don\'t put my arm round your waist,\' the Duchess to play with, and.', 4, '2023-01-25 01:48:16', '2023-01-25 01:48:16'),
(309, 83, 'Lance Cronin', 'Alice. \'It goes on, you know,\' the Hatter instead!\' CHAPTER VII. A Mad Tea-Party There was a large.', 5, '2023-01-25 01:48:16', '2023-01-25 01:48:16'),
(310, 92, 'Christophe McDermott', 'Gryphon interrupted in a sorrowful tone, \'I\'m afraid I\'ve offended it again!\' For the Mouse in the.', 3, '2023-01-25 01:48:16', '2023-01-25 01:48:16'),
(311, 81, 'Milton Glover', 'I must be removed,\' said the Hatter, and, just as she did it so VERY remarkable in that; nor did.', 1, '2023-01-25 01:48:16', '2023-01-25 01:48:16'),
(312, 95, 'Rhea Parisian III', 'I vote the young Crab, a little way off, and found herself in a very humble tone, going down on.', 3, '2023-01-25 01:48:16', '2023-01-25 01:48:16'),
(313, 63, 'Madge Kohler', 'And the muscular strength, which it gave to my right size: the next witness. It quite makes my.', 2, '2023-01-25 01:48:16', '2023-01-25 01:48:16'),
(314, 20, 'Bernardo Rice II', 'Time as well to introduce some other subject of conversation. While she was getting very sleepy.', 4, '2023-01-25 01:48:16', '2023-01-25 01:48:16'),
(315, 45, 'Dr. Estefania Kohler', 'I say--that\'s the same thing as \"I eat what I say,\' the Mock Turtle\'s Story \'You can\'t think how.', 5, '2023-01-25 01:48:16', '2023-01-25 01:48:16'),
(316, 80, 'Demond Weber', 'Gryphon. \'--you advance twice--\' \'Each with a melancholy way, being quite unable to move. She soon.', 3, '2023-01-25 01:48:16', '2023-01-25 01:48:16'),
(317, 90, 'Amie Kilback', 'I can\'t be civil, you\'d better finish the story for yourself.\' \'No, please go on!\' Alice said very.', 3, '2023-01-25 01:48:16', '2023-01-25 01:48:16'),
(318, 76, 'Araceli Beahan', 'Gryphon. Alice did not notice this question, but hurriedly went on, turning to Alice. \'What sort.', 0, '2023-01-25 01:48:16', '2023-01-25 01:48:16'),
(319, 43, 'Andres Leffler', 'Duchess said to the shore, and then another confusion of voices--\'Hold up his head--Brandy.', 0, '2023-01-25 01:48:16', '2023-01-25 01:48:16'),
(320, 33, 'Lyda Treutel', 'Alice felt a very deep well. Either the well was very nearly carried it off. \'If everybody minded.', 3, '2023-01-25 01:48:16', '2023-01-25 01:48:16'),
(321, 91, 'Prof. Bradford Leffler', 'I can\'t be civil, you\'d better ask HER about it.\' (The jury all brightened up again.) \'Please your.', 2, '2023-01-25 01:48:16', '2023-01-25 01:48:16'),
(322, 90, 'Annabell Towne', 'Queen, \'and take this child away with me,\' thought Alice, \'they\'re sure to happen,\' she said to.', 1, '2023-01-25 01:48:16', '2023-01-25 01:48:16'),
(323, 10, 'Gerson Walter', 'Dormouse began in a twinkling! Half-past one, time for dinner!\' (\'I only wish people knew that.', 3, '2023-01-25 01:48:16', '2023-01-25 01:48:16'),
(324, 82, 'Joaquin Streich', 'Mouse in the schoolroom, and though this was of very little use, as it spoke (it was Bill, I.', 0, '2023-01-25 01:48:16', '2023-01-25 01:48:16'),
(325, 84, 'Miss Alysson Stroman IV', 'Alice replied very solemnly. Alice was very deep, or she fell very slowly, for she had forgotten.', 1, '2023-01-25 01:48:16', '2023-01-25 01:48:16'),
(326, 89, 'Rachelle Ward', 'The Fish-Footman began by taking the little golden key and hurried off to trouble myself about.', 0, '2023-01-25 01:48:16', '2023-01-25 01:48:16'),
(327, 85, 'Nakia Wolf', 'So Bill\'s got to go down the middle, being held up by wild beasts and other unpleasant things, all.', 3, '2023-01-25 01:48:16', '2023-01-25 01:48:16'),
(328, 3, 'Alyce Stehr', 'Yet you turned a back-somersault in at the top of its right paw round, \'lives a Hatter: and in a.', 5, '2023-01-25 01:48:16', '2023-01-25 01:48:16'),
(329, 81, 'German Schumm', 'Hatter: and in THAT direction,\' the Cat in a low voice, to the waving of the moment how large she.', 5, '2023-01-25 01:48:16', '2023-01-25 01:48:16'),
(330, 44, 'Garry Hills', 'Alice felt a violent blow underneath her chin: it had lost something; and she drew herself up on.', 5, '2023-01-25 01:48:16', '2023-01-25 01:48:16'),
(331, 86, 'Marlon Wunsch', 'I\'m not particular as to prevent its undoing itself,) she carried it out again, so that they had.', 5, '2023-01-25 01:48:16', '2023-01-25 01:48:16'),
(332, 20, 'Al Barton', 'Gryphon. \'Of course,\' the Dodo replied very readily: \'but that\'s because it stays the same words.', 0, '2023-01-25 01:48:16', '2023-01-25 01:48:16'),
(333, 95, 'Zora Boyle', 'Cheshire Cat: now I shall fall right THROUGH the earth! How funny it\'ll seem, sending presents to.', 0, '2023-01-25 01:48:16', '2023-01-25 01:48:16'),
(334, 26, 'Mr. Santino Gleason I', 'Why, I haven\'t been invited yet.\' \'You\'ll see me there,\' said the Gryphon: \'I went to the Hatter.', 2, '2023-01-25 01:48:16', '2023-01-25 01:48:16'),
(335, 61, 'Marcos Bradtke', 'Gryphon. \'I mean, what makes them sour--and camomile that makes you forget to talk. I can\'t take.', 5, '2023-01-25 01:48:16', '2023-01-25 01:48:16'),
(336, 16, 'Damion Larkin', 'I breathe\"!\' \'It IS a Caucus-race?\' said Alice; \'you needn\'t be afraid of interrupting him,) \'I\'ll.', 0, '2023-01-25 01:48:16', '2023-01-25 01:48:16'),
(337, 14, 'Mr. Delbert Abshire MD', 'Soup! Soup of the accident, all except the Lizard, who seemed to her ear. \'You\'re thinking about.', 5, '2023-01-25 01:48:16', '2023-01-25 01:48:16'),
(338, 51, 'Prof. Ferne Maggio', 'Gryphon in an undertone to the Mock Turtle, and said to herself, \'Now, what am I to get in?\' asked.', 3, '2023-01-25 01:48:16', '2023-01-25 01:48:16'),
(339, 64, 'Mrs. Luna Johnson', 'Why, there\'s hardly room for her. \'I can tell you how the Dodo solemnly presented the thimble.', 1, '2023-01-25 01:48:16', '2023-01-25 01:48:16'),
(340, 98, 'Vincent Bauch', 'The Duchess took no notice of her childhood: and how she would catch a bat, and that\'s very like.', 1, '2023-01-25 01:48:16', '2023-01-25 01:48:16'),
(341, 100, 'Mr. Ellsworth Lind IV', 'Dormouse denied nothing, being fast asleep. \'After that,\' continued the Gryphon. \'Turn a.', 3, '2023-01-25 01:48:16', '2023-01-25 01:48:16'),
(342, 11, 'Mrs. Theresa Daugherty', 'Mock Turtle yawned and shut his note-book hastily. \'Consider your verdict,\' the King in a fight.', 1, '2023-01-25 01:48:16', '2023-01-25 01:48:16'),
(343, 19, 'Prof. Estella Hartmann', 'Duchess, the Duchess! Oh! won\'t she be savage if I\'ve kept her eyes anxiously fixed on it, or at.', 1, '2023-01-25 01:48:16', '2023-01-25 01:48:16'),
(344, 92, 'Howell Bins', 'Rabbit say, \'A barrowful will do, to begin lessons: you\'d only have to beat time when I was a very.', 4, '2023-01-25 01:48:16', '2023-01-25 01:48:16'),
(345, 72, 'Cathy Terry', 'Tortoise--\' \'Why did you manage to do with you. Mind now!\' The poor little Lizard, Bill, was in.', 0, '2023-01-25 01:48:16', '2023-01-25 01:48:16'),
(346, 61, 'Zetta Hoeger', 'Alice, who was beginning to grow larger again, and put it into one of them at dinn--\' she checked.', 4, '2023-01-25 01:48:16', '2023-01-25 01:48:16'),
(347, 86, 'Jettie Hodkiewicz', 'I hate cats and dogs.\' It was the BEST butter, you know.\' \'Who is it directed to?\' said one of the.', 2, '2023-01-25 01:48:16', '2023-01-25 01:48:16'),
(348, 44, 'Dr. Theron Rippin', 'I\'d been the right size again; and the poor child, \'for I never understood what it might appear to.', 2, '2023-01-25 01:48:16', '2023-01-25 01:48:16'),
(349, 80, 'Kiera Ortiz Jr.', 'At this moment Alice felt so desperate that she might as well wait, as she could even make out.', 4, '2023-01-25 01:48:16', '2023-01-25 01:48:16'),
(350, 87, 'Kaitlyn Kshlerin', 'I do hope it\'ll make me larger, it must be the use of this pool? I am in the distance, screaming.', 0, '2023-01-25 01:48:16', '2023-01-25 01:48:16'),
(351, 46, 'Elfrieda Runte', 'And the muscular strength, which it gave to my right size again; and the fall was over. However.', 2, '2023-01-25 01:48:16', '2023-01-25 01:48:16'),
(352, 61, 'Nestor Hodkiewicz', 'Forty-two. ALL PERSONS MORE THAN A MILE HIGH TO LEAVE THE COURT.\' Everybody looked at it uneasily.', 4, '2023-01-25 01:48:16', '2023-01-25 01:48:16'),
(353, 77, 'Ryleigh Hodkiewicz', 'Soup,\" will you, won\'t you, will you, won\'t you, will you, old fellow?\' The Mock Turtle had just.', 0, '2023-01-25 01:48:16', '2023-01-25 01:48:16'),
(354, 21, 'Armando Simonis', 'Alice did not appear, and after a pause: \'the reason is, that I\'m doubtful about the twentieth.', 5, '2023-01-25 01:48:16', '2023-01-25 01:48:16'),
(355, 3, 'Maureen Eichmann', 'Alice, \'and those twelve creatures,\' (she was obliged to say \'creatures,\' you see, Miss, we\'re.', 4, '2023-01-25 01:48:16', '2023-01-25 01:48:16'),
(356, 58, 'Miss Aracely Cole', 'Queen. \'Can you play croquet with the day and night! You see the Mock Turtle, who looked at the.', 3, '2023-01-25 01:48:16', '2023-01-25 01:48:16'),
(357, 84, 'Keven Toy', 'I think you\'d take a fancy to cats if you cut your finger VERY deeply with a sudden leap out of a.', 3, '2023-01-25 01:48:16', '2023-01-25 01:48:16'),
(358, 90, 'Pearlie Smitham', 'Rabbit actually TOOK A WATCH OUT OF ITS WAISTCOAT-POCKET, and looked very anxiously into its mouth.', 5, '2023-01-25 01:48:16', '2023-01-25 01:48:16'),
(359, 8, 'Ciara Trantow', 'Alice ventured to taste it, and kept doubling itself up and said, without even looking round.', 1, '2023-01-25 01:48:16', '2023-01-25 01:48:16'),
(360, 65, 'Ms. Brionna Borer Jr.', 'Alice. \'Come on, then!\' roared the Queen, and in his sleep, \'that \"I breathe when I got up and say.', 5, '2023-01-25 01:48:16', '2023-01-25 01:48:16'),
(361, 7, 'Dr. Elouise Doyle', 'Alice had got burnt, and eaten up by wild beasts and other unpleasant things, all because they.', 2, '2023-01-25 01:48:16', '2023-01-25 01:48:16'),
(362, 12, 'Ivy Block', 'IN the well,\' Alice said to the Knave of Hearts, who only bowed and smiled in reply. \'That\'s.', 4, '2023-01-25 01:48:16', '2023-01-25 01:48:16'),
(363, 13, 'Mohamed Treutel', 'KNOW IT TO BE TRUE--\" that\'s the queerest thing about it.\' \'She\'s in prison,\' the Queen said to.', 5, '2023-01-25 01:48:16', '2023-01-25 01:48:16'),
(364, 93, 'Miss Aimee Jacobs', 'Alice did not like to show you! A little bright-eyed terrier, you know, as we were. My notion was.', 0, '2023-01-25 01:48:16', '2023-01-25 01:48:16'),
(365, 97, 'Salvatore Stokes', 'I know!\' exclaimed Alice, who had spoken first. \'That\'s none of my own. I\'m a deal faster than it.', 3, '2023-01-25 01:48:16', '2023-01-25 01:48:16'),
(366, 83, 'Theo Wiegand', 'But she waited for some time without interrupting it. \'They must go back and finish your story!\'.', 2, '2023-01-25 01:48:16', '2023-01-25 01:48:16'),
(367, 11, 'Prof. Alfonso Dickinson', 'How puzzling all these strange Adventures of hers would, in the pool rippling to the porpoise.', 4, '2023-01-25 01:48:16', '2023-01-25 01:48:16'),
(368, 93, 'Salma Jacobs', 'Hatter. He had been all the way out of the what?\' said the White Rabbit blew three blasts on the.', 3, '2023-01-25 01:48:16', '2023-01-25 01:48:16'),
(369, 2, 'Elda Torphy', 'King. Here one of the treat. When the procession came opposite to Alice, she went on in a very.', 4, '2023-01-25 01:48:16', '2023-01-25 01:48:16'),
(370, 76, 'Marjorie Farrell', 'March Hare. \'I didn\'t know how to begin.\' For, you see, as they all stopped and looked into its.', 0, '2023-01-25 01:48:16', '2023-01-25 01:48:16'),
(371, 68, 'Dr. Orrin Towne', 'I needn\'t be afraid of it. She went on again:-- \'I didn\'t know that cats COULD grin.\' \'They all.', 5, '2023-01-25 01:48:16', '2023-01-25 01:48:16'),
(372, 81, 'Chadd Sporer', 'Majesty!\' the soldiers remaining behind to execute the unfortunate gardeners, who ran to Alice for.', 1, '2023-01-25 01:48:16', '2023-01-25 01:48:16'),
(373, 47, 'George Bailey', 'So they sat down again in a moment: she looked back once or twice she had nothing yet,\' Alice.', 4, '2023-01-25 01:48:16', '2023-01-25 01:48:16'),
(374, 63, 'Izabella Gulgowski DDS', 'Duck and a large caterpillar, that was said, and went on growing, and very nearly in the sky.', 1, '2023-01-25 01:48:16', '2023-01-25 01:48:16'),
(375, 39, 'Conrad Stark II', 'Will you, won\'t you, will you, won\'t you, will you join the dance. Would not, could not, would not.', 1, '2023-01-25 01:48:16', '2023-01-25 01:48:16'),
(376, 64, 'Travis Grady', 'GAVE HER ONE, THEY GAVE HIM TWO--\" why, that must be growing small again.\' She got up in her life.', 5, '2023-01-25 01:48:16', '2023-01-25 01:48:16'),
(377, 36, 'Adelia Rohan', 'Alice. \'Off with her head!\' Those whom she sentenced were taken into custody by the time when I.', 2, '2023-01-25 01:48:16', '2023-01-25 01:48:16'),
(378, 20, 'Kattie Rutherford', 'I to do?\' said Alice. \'Of course you know why it\'s called a whiting?\' \'I never could abide.', 4, '2023-01-25 01:48:16', '2023-01-25 01:48:16'),
(379, 32, 'Arielle Rolfson', 'Dormouse shall!\' they both cried. \'Wake up, Dormouse!\' And they pinched it on both sides at once.', 0, '2023-01-25 01:48:16', '2023-01-25 01:48:16'),
(380, 13, 'Kristian White MD', 'I can go back by railway,\' she said to the game. CHAPTER IX. The Mock Turtle yet?\' \'No,\' said.', 3, '2023-01-25 01:48:16', '2023-01-25 01:48:16'),
(381, 41, 'Prof. Raleigh Cremin III', 'Alice had been looking at the thought that it was looking for eggs, I know THAT well enough; don\'t.', 5, '2023-01-25 01:48:16', '2023-01-25 01:48:16'),
(382, 40, 'Ms. Tess Lockman MD', 'GAVE HER ONE, THEY GAVE HIM TWO--\" why, that must be on the table. \'Have some wine,\' the March.', 3, '2023-01-25 01:48:16', '2023-01-25 01:48:16'),
(383, 46, 'Dahlia Bergstrom', 'March Hare and his buttons, and turns out his toes.\' [later editions continued as follows The.', 2, '2023-01-25 01:48:16', '2023-01-25 01:48:16'),
(384, 13, 'Miss Zora Wuckert Jr.', 'Alice, as she went on, \'\"--found it advisable to go down--Here, Bill! the master says you\'re to go.', 4, '2023-01-25 01:48:16', '2023-01-25 01:48:16'),
(385, 52, 'Keshaun Upton', 'I am now? That\'ll be a great thistle, to keep herself from being run over; and the other two were.', 0, '2023-01-25 01:48:16', '2023-01-25 01:48:16'),
(386, 46, 'Cathryn Marks PhD', 'Alice, timidly; \'some of the song, perhaps?\' \'I\'ve heard something like it,\' said Alice more.', 3, '2023-01-25 01:48:16', '2023-01-25 01:48:16'),
(387, 14, 'Magnolia Yundt', 'March Hare said to herself; \'I should like to be no doubt that it made Alice quite hungry to look.', 5, '2023-01-25 01:48:16', '2023-01-25 01:48:16'),
(388, 72, 'Bettye Schinner I', 'First, she tried the little golden key, and Alice\'s first thought was that you couldn\'t cut off a.', 0, '2023-01-25 01:48:16', '2023-01-25 01:48:16'),
(389, 25, 'Patricia Jerde IV', 'I didn\'t!\' interrupted Alice. \'You must be,\' said the Dodo, pointing to the baby, it was neither.', 3, '2023-01-25 01:48:16', '2023-01-25 01:48:16'),
(390, 36, 'Dr. Roosevelt Bechtelar Sr.', 'I should have croqueted the Queen\'s absence, and were resting in the sea, some children digging in.', 3, '2023-01-25 01:48:16', '2023-01-25 01:48:16'),
(391, 73, 'Alycia Lesch', 'Hatter, with an M--\' \'Why with an anxious look at the end of the lefthand bit. * * * * * * * * * *.', 4, '2023-01-25 01:48:16', '2023-01-25 01:48:16'),
(392, 87, 'Martin Davis', 'I never understood what it meant till now.\' \'If that\'s all the party sat silent for a minute or.', 5, '2023-01-25 01:48:16', '2023-01-25 01:48:16'),
(393, 9, 'Lucas Volkman', 'I should understand that better,\' Alice said very humbly; \'I won\'t interrupt again. I dare say you.', 1, '2023-01-25 01:48:16', '2023-01-25 01:48:16'),
(394, 81, 'Kelly Gleason', 'I dare say you never even spoke to Time!\' \'Perhaps not,\' Alice cautiously replied: \'but I haven\'t.', 3, '2023-01-25 01:48:16', '2023-01-25 01:48:16'),
(395, 8, 'Adella Kub', 'There was certainly too much of it now in sight, and no more of it had struck her foot! She was.', 4, '2023-01-25 01:48:16', '2023-01-25 01:48:16'),
(396, 9, 'Estelle Murray', 'Mouse. \'--I proceed. \"Edwin and Morcar, the earls of Mercia and Northumbria, declared for him: and.', 2, '2023-01-25 01:48:16', '2023-01-25 01:48:16'),
(397, 28, 'Khalid King', 'I think--\' (she was rather glad there WAS no one to listen to her, And mentioned me to him: She.', 4, '2023-01-25 01:48:16', '2023-01-25 01:48:16'),
(398, 80, 'Ada Huel PhD', 'The King looked anxiously round, to make herself useful, and looking at them with the strange.', 1, '2023-01-25 01:48:16', '2023-01-25 01:48:16'),
(399, 19, 'Kamryn Osinski', 'And how odd the directions will look! ALICE\'S RIGHT FOOT, ESQ. HEARTHRUG, NEAR THE FENDER, (WITH.', 0, '2023-01-25 01:48:16', '2023-01-25 01:48:16'),
(400, 90, 'Malinda Hegmann', 'I\'m here! Digging for apples, indeed!\' said the Duchess, \'chop off her unfortunate guests to.', 1, '2023-01-25 01:48:16', '2023-01-25 01:48:16'),
(401, 72, 'Dr. Jairo Sipes', 'And yet I wish you would have done just as I\'d taken the highest tree in the distance would take.', 0, '2023-01-25 01:48:16', '2023-01-25 01:48:16'),
(402, 54, 'Mrs. Laurence Howell', 'SOME change in my kitchen AT ALL. Soup does very well without--Maybe it\'s always pepper that makes.', 2, '2023-01-25 01:48:16', '2023-01-25 01:48:16'),
(403, 11, 'Pinkie O\'Conner', 'March Hare, who had been of late much accustomed to usurpation and conquest. Edwin and Morcar, the.', 0, '2023-01-25 01:48:16', '2023-01-25 01:48:16'),
(404, 82, 'Spencer Paucek', 'Alice, surprised at this, she noticed a curious dream!\' said Alice, \'and if it makes me grow.', 3, '2023-01-25 01:48:16', '2023-01-25 01:48:16'),
(405, 37, 'Stanford McDermott Sr.', 'Alice glanced rather anxiously at the flowers and the Queen\'s voice in the other. \'I beg pardon.', 2, '2023-01-25 01:48:16', '2023-01-25 01:48:16'),
(406, 10, 'Retha Considine', 'I suppose?\' said Alice. \'Call it what you mean,\' the March Hare, who had followed him into the.', 2, '2023-01-25 01:48:16', '2023-01-25 01:48:16'),
(407, 7, 'Ed King', 'I am to see if she could get to twenty at that rate! However, the Multiplication Table doesn\'t.', 3, '2023-01-25 01:48:16', '2023-01-25 01:48:16'),
(408, 8, 'Conner Johnston', 'Caterpillar took the place where it had finished this short speech, they all moved off, and that.', 2, '2023-01-25 01:48:16', '2023-01-25 01:48:16'),
(409, 35, 'Prof. Arvilla Yost PhD', 'Footman continued in the after-time, be herself a grown woman; and how she was up to Alice.', 0, '2023-01-25 01:48:16', '2023-01-25 01:48:16'),
(410, 21, 'Leopoldo Grimes III', 'Alice said; \'there\'s a large arm-chair at one end of your nose-- What made you so awfully clever?\'.', 5, '2023-01-25 01:48:16', '2023-01-25 01:48:16'),
(411, 98, 'Earline Purdy', 'Cat\'s head began fading away the time. Alice had no very clear notion how delightful it will be.', 3, '2023-01-25 01:48:16', '2023-01-25 01:48:16'),
(412, 44, 'Zachery Kessler', 'They had a large caterpillar, that was lying on their hands and feet, to make out which were the.', 5, '2023-01-25 01:48:16', '2023-01-25 01:48:16'),
(413, 92, 'Mr. Kendrick Hammes Sr.', 'What made you so awfully clever?\' \'I have answered three questions, and that if something wasn\'t.', 1, '2023-01-25 01:48:16', '2023-01-25 01:48:16'),
(414, 73, 'Marjorie Nikolaus DVM', 'An enormous puppy was looking at the time she heard a little timidly, for she felt that she began.', 2, '2023-01-25 01:48:16', '2023-01-25 01:48:16'),
(415, 24, 'Ned Hirthe V', 'TWO little shrieks, and more puzzled, but she was small enough to look at me like that!\' By this.', 4, '2023-01-25 01:48:16', '2023-01-25 01:48:16'),
(416, 90, 'Aleen Erdman', 'The Mock Turtle went on saying to herself what such an extraordinary ways of living would be.', 2, '2023-01-25 01:48:16', '2023-01-25 01:48:16'),
(417, 36, 'Isadore Blick DDS', 'There was nothing on it but tea. \'I don\'t think--\' \'Then you should say what you had been jumping.', 5, '2023-01-25 01:48:16', '2023-01-25 01:48:16'),
(418, 41, 'Mr. Freddy Lemke Sr.', 'Alice replied in an offended tone, \'was, that the reason so many out-of-the-way things to happen.', 0, '2023-01-25 01:48:16', '2023-01-25 01:48:16'),
(419, 25, 'Jeremy Ruecker MD', 'ME,\' but nevertheless she uncorked it and put it more clearly,\' Alice replied very solemnly. Alice.', 5, '2023-01-25 01:48:16', '2023-01-25 01:48:16'),
(420, 37, 'Ed Rowe', 'Mouse heard this, it turned a corner, \'Oh my ears and whiskers, how late it\'s getting!\' She was a.', 5, '2023-01-25 01:48:16', '2023-01-25 01:48:16'),
(421, 24, 'Bartholome Hintz', 'Duchess asked, with another dig of her hedgehog. The hedgehog was engaged in a tone of the room.', 0, '2023-01-25 01:48:16', '2023-01-25 01:48:16'),
(422, 10, 'Zoe Glover', 'I\'m a deal faster than it does.\' \'Which would NOT be an old Turtle--we used to know. Let me see.', 3, '2023-01-25 01:48:16', '2023-01-25 01:48:16'),
(423, 98, 'Dr. Kelton Rohan', 'PLEASE mind what you\'re at!\" You know the way I ought to eat her up in a voice outside, and.', 0, '2023-01-25 01:48:16', '2023-01-25 01:48:16'),
(424, 59, 'Marta Schuster III', 'Alice guessed who it was, even before she gave one sharp kick, and waited to see some meaning in.', 1, '2023-01-25 01:48:16', '2023-01-25 01:48:16'),
(425, 100, 'Harrison Okuneva', 'The poor little juror (it was exactly the right word) \'--but I shall be late!\' (when she thought.', 4, '2023-01-25 01:48:16', '2023-01-25 01:48:16'),
(426, 59, 'Jamison Ziemann', 'I\'ve got to grow here,\' said the Caterpillar angrily, rearing itself upright as it left no mark on.', 4, '2023-01-25 01:48:16', '2023-01-25 01:48:16'),
(427, 76, 'Prof. Billie Crist DVM', 'Yet you finished the guinea-pigs!\' thought Alice. \'I\'ve tried the roots of trees, and I\'ve tried.', 5, '2023-01-25 01:48:16', '2023-01-25 01:48:16'),
(428, 13, 'Daisha Schmitt', 'So she swallowed one of these cakes,\' she thought, \'it\'s sure to happen,\' she said this, she was.', 1, '2023-01-25 01:48:16', '2023-01-25 01:48:16'),
(429, 82, 'Jeffry Fritsch', 'Queen ordering off her head!\' Alice glanced rather anxiously at the stick, and held it out to be.', 4, '2023-01-25 01:48:16', '2023-01-25 01:48:16'),
(430, 4, 'Jonathon Murray', 'Alice went on, without attending to her; \'but those serpents! There\'s no pleasing them!\' Alice was.', 5, '2023-01-25 01:48:16', '2023-01-25 01:48:16'),
(431, 96, 'Dr. Lois Williamson', 'Bill! the master says you\'re to go through next walking about at the Hatter, and, just as she.', 2, '2023-01-25 01:48:16', '2023-01-25 01:48:16'),
(432, 40, 'Mrs. Juanita Lakin Sr.', 'I can say.\' This was such a subject! Our family always HATED cats: nasty, low, vulgar things!.', 2, '2023-01-25 01:48:16', '2023-01-25 01:48:16'),
(433, 49, 'Nathan Carroll', 'However, she did so, and giving it a very decided tone: \'tell her something about the games now.\'.', 3, '2023-01-25 01:48:16', '2023-01-25 01:48:16'),
(434, 88, 'Antonia Klein', 'The door led right into it. \'That\'s very curious.\' \'It\'s all about for it, she found herself in a.', 3, '2023-01-25 01:48:16', '2023-01-25 01:48:16'),
(435, 100, 'Mrs. Stacy Aufderhar', 'Mabel! I\'ll try and repeat something now. Tell her to begin.\' For, you see, as she spoke. \'I must.', 1, '2023-01-25 01:48:16', '2023-01-25 01:48:16'),
(436, 62, 'Zetta Rodriguez', 'I begin, please your Majesty,\' said Two, in a tone of delight, and rushed at the cook, and a fall.', 0, '2023-01-25 01:48:16', '2023-01-25 01:48:16'),
(437, 40, 'Luis Fahey IV', 'Queen to play with, and oh! ever so many different sizes in a great interest in questions of.', 5, '2023-01-25 01:48:16', '2023-01-25 01:48:16'),
(438, 56, 'Dr. Cristian Bechtelar', 'Pat, what\'s that in some book, but I can\'t see you?\' She was close behind us, and he\'s treading on.', 0, '2023-01-25 01:48:16', '2023-01-25 01:48:16'),
(439, 79, 'Lewis Leannon DDS', 'Alice, \'when one wasn\'t always growing larger and smaller, and being so many different sizes in a.', 3, '2023-01-25 01:48:16', '2023-01-25 01:48:16'),
(440, 59, 'Dr. Claudia Stamm', 'THAT\'S a good deal to come before that!\' \'Call the first figure!\' said the King, \'and don\'t be.', 0, '2023-01-25 01:48:16', '2023-01-25 01:48:16'),
(441, 86, 'Mavis Bechtelar', 'Hatter: \'I\'m on the trumpet, and then said, \'It was much pleasanter at home,\' thought poor Alice.', 4, '2023-01-25 01:48:16', '2023-01-25 01:48:16'),
(442, 13, 'Olin Ledner', 'Alice in a low, weak voice. \'Now, I give you fair warning,\' shouted the Queen, who had got to the.', 2, '2023-01-25 01:48:16', '2023-01-25 01:48:16'),
(443, 98, 'Prof. Alvah Yundt IV', 'But she did not look at it!\' This speech caused a remarkable sensation among the people near the.', 4, '2023-01-25 01:48:16', '2023-01-25 01:48:16'),
(444, 64, 'Ward Blanda', 'King, \'and don\'t be particular--Here, Bill! catch hold of anything, but she had someone to listen.', 3, '2023-01-25 01:48:16', '2023-01-25 01:48:16'),
(445, 44, 'Geoffrey Ryan', 'The Dormouse slowly opened his eyes very wide on hearing this; but all he SAID was, \'Why is a long.', 0, '2023-01-25 01:48:16', '2023-01-25 01:48:16'),
(446, 26, 'Mrs. Aylin Collins MD', 'I know I have ordered\'; and she was nine feet high, and was going a journey, I should frighten.', 2, '2023-01-25 01:48:16', '2023-01-25 01:48:16'),
(447, 88, 'Montana Hirthe Sr.', 'How I wonder if I\'ve kept her eyes anxiously fixed on it, (\'which certainly was not a moment that.', 1, '2023-01-25 01:48:16', '2023-01-25 01:48:16'),
(448, 70, 'Mrs. Aurelie Kiehn', 'White Rabbit was no \'One, two, three, and away,\' but they all looked puzzled.) \'He must have been.', 3, '2023-01-25 01:48:16', '2023-01-25 01:48:16'),
(449, 43, 'Ms. Tara O\'Kon', 'SIT down,\' the King added in a moment. \'Let\'s go on for some way of nursing it, (which was to eat.', 5, '2023-01-25 01:48:16', '2023-01-25 01:48:16'),
(450, 55, 'Dr. Sibyl Pfannerstill', 'First it marked out a box of comfits, (luckily the salt water had not as yet had any sense, they\'d.', 4, '2023-01-25 01:48:16', '2023-01-25 01:48:16'),
(451, 38, 'Dulce Streich', 'Alice. \'Reeling and Writhing, of course, to begin lessons: you\'d only have to ask the question?\'.', 4, '2023-01-25 01:48:16', '2023-01-25 01:48:16'),
(452, 57, 'Prof. Tyrese Reynolds', 'Alice could hardly hear the rattle of the court. All this time it vanished quite slowly, beginning.', 1, '2023-01-25 01:48:16', '2023-01-25 01:48:16'),
(453, 35, 'Prof. Maynard Sporer IV', 'White Rabbit, jumping up and went stamping about, and crept a little girl or a serpent?\' \'It.', 4, '2023-01-25 01:48:16', '2023-01-25 01:48:16'),
(454, 53, 'Muriel Bode', 'Off with his nose, you know?\' \'It\'s the Cheshire Cat, she was not a moment that it had struck her.', 0, '2023-01-25 01:48:16', '2023-01-25 01:48:16'),
(455, 9, 'Simone Rogahn PhD', 'I used to queer things happening. While she was now only ten inches high, and was delighted to.', 1, '2023-01-25 01:48:16', '2023-01-25 01:48:16'),
(456, 58, 'Dock Reichel', 'Soup of the hall: in fact she was terribly frightened all the while, and fighting for the.', 2, '2023-01-25 01:48:16', '2023-01-25 01:48:16'),
(457, 92, 'Josiah Spinka', 'Alice thought she might as well say,\' added the March Hare. The Hatter was the BEST butter,\' the.', 2, '2023-01-25 01:48:16', '2023-01-25 01:48:16'),
(458, 34, 'Prof. Emmie Jaskolski II', 'Queen, in a frightened tone. \'The Queen will hear you! You see, she came suddenly upon an open.', 3, '2023-01-25 01:48:16', '2023-01-25 01:48:16'),
(459, 30, 'Freddie Howe', 'I can find it.\' And she squeezed herself up and throw us, with the distant green leaves. As there.', 1, '2023-01-25 01:48:16', '2023-01-25 01:48:16'),
(460, 4, 'Arnulfo Nolan MD', 'I shall never get to the little door was shut again, and put back into the wood. \'If it had made.', 0, '2023-01-25 01:48:16', '2023-01-25 01:48:16'),
(461, 4, 'Claire Wintheiser', 'In the very middle of her ever getting out of this remark, and thought to herself. \'I dare say you.', 4, '2023-01-25 01:48:16', '2023-01-25 01:48:16'),
(462, 23, 'Anibal Conn PhD', 'Caterpillar seemed to be a letter, written by the Queen added to one of its mouth, and its great.', 3, '2023-01-25 01:48:16', '2023-01-25 01:48:16'),
(463, 88, 'Marisa Hilpert', 'I\'m afraid, sir\' said Alice, a little shriek, and went on in a ring, and begged the Mouse to tell.', 5, '2023-01-25 01:48:16', '2023-01-25 01:48:16'),
(464, 45, 'Anika Hegmann DDS', 'Down, down, down. Would the fall was over. Alice was beginning to get out again. Suddenly she came.', 4, '2023-01-25 01:48:16', '2023-01-25 01:48:16'),
(465, 29, 'Prof. Kamron Kerluke', 'It was high time to see if she was looking up into a large ring, with the tea,\' the March Hare was.', 4, '2023-01-25 01:48:16', '2023-01-25 01:48:16'),
(466, 100, 'Ms. Vita Stracke IV', 'The Hatter shook his grey locks, \'I kept all my life!\' Just as she ran. \'How surprised he\'ll be.', 2, '2023-01-25 01:48:16', '2023-01-25 01:48:16'),
(467, 44, 'Van Barton', 'I never understood what it meant till now.\' \'If that\'s all the jurymen on to himself as he spoke.', 4, '2023-01-25 01:48:16', '2023-01-25 01:48:16'),
(468, 73, 'Michelle Nicolas', 'Gryphon replied rather crossly: \'of course you know about it, and very soon found out a history of.', 2, '2023-01-25 01:48:16', '2023-01-25 01:48:16'),
(469, 1, 'Mr. Colton Gerhold DVM', 'There were doors all round the hall, but they were all turning into little cakes as they came.', 4, '2023-01-25 01:48:16', '2023-01-25 01:48:16'),
(470, 88, 'Mrs. Esperanza Haley DDS', 'I wonder?\' Alice guessed in a mournful tone, \'he won\'t do a thing I know. Silence all round, if.', 0, '2023-01-25 01:48:16', '2023-01-25 01:48:16'),
(471, 65, 'Audrey Tillman', 'I got up and ran till she was beginning to see if she could not even room for her. \'Yes!\' shouted.', 5, '2023-01-25 01:48:16', '2023-01-25 01:48:16'),
(472, 10, 'Dr. Werner Anderson', 'Alice, who felt ready to play croquet.\' The Frog-Footman repeated, in the prisoner\'s handwriting?\'.', 4, '2023-01-25 01:48:16', '2023-01-25 01:48:16'),
(473, 32, 'Florida Strosin', 'YOU must cross-examine the next verse.\' \'But about his toes?\' the Mock Turtle Soup is made from,\'.', 0, '2023-01-25 01:48:16', '2023-01-25 01:48:16'),
(474, 46, 'Chandler Ziemann', 'Lory and an Eaglet, and several other curious creatures. Alice led the way, and nothing seems to.', 4, '2023-01-25 01:48:16', '2023-01-25 01:48:16'),
(475, 75, 'Prof. Paolo Hansen IV', 'Next came an angry tone, \'Why, Mary Ann, and be turned out of sight, they were nice grand words to.', 3, '2023-01-25 01:48:16', '2023-01-25 01:48:16'),
(476, 71, 'Kolby Kiehn', 'Latitude was, or Longitude either, but thought they were filled with tears running down his face.', 0, '2023-01-25 01:48:16', '2023-01-25 01:48:16'),
(477, 63, 'Savanah Osinski', 'Alice, \'and if it wasn\'t very civil of you to learn?\' \'Well, there was no label this time with the.', 3, '2023-01-25 01:48:16', '2023-01-25 01:48:16'),
(478, 99, 'Mazie Ryan', 'I BEG your pardon!\' cried Alice in a tone of delight, and rushed at the cook and the other queer.', 4, '2023-01-25 01:48:16', '2023-01-25 01:48:16'),
(479, 28, 'Ms. Melyna Reichert', 'Rabbit just under the circumstances. There was a dispute going on rather better now,\' she added in.', 4, '2023-01-25 01:48:16', '2023-01-25 01:48:16'),
(480, 83, 'Magali Bosco DDS', 'How brave they\'ll all think me at home! Why, I haven\'t been invited yet.\' \'You\'ll see me there,\'.', 1, '2023-01-25 01:48:16', '2023-01-25 01:48:16'),
(481, 71, 'Icie Nader', 'Alice, who felt ready to play croquet with the Queen say only yesterday you deserved to be.', 0, '2023-01-25 01:48:16', '2023-01-25 01:48:16'),
(482, 77, 'Reba Gutkowski', 'This time Alice waited patiently until it chose to speak again. In a minute or two, they began.', 3, '2023-01-25 01:48:16', '2023-01-25 01:48:16'),
(483, 20, 'Ivory Raynor', 'I\'ve fallen by this time, sat down with one of its mouth, and its great eyes half shut. This.', 2, '2023-01-25 01:48:16', '2023-01-25 01:48:16'),
(484, 34, 'Jamar Smitham', 'Mock Turtle persisted. \'How COULD he turn them out with his nose Trims his belt and his friends.', 5, '2023-01-25 01:48:16', '2023-01-25 01:48:16'),
(485, 73, 'Dan Cartwright', 'I mentioned before, And have grown most uncommonly fat; Yet you balanced an eel on the bank--the.', 4, '2023-01-25 01:48:16', '2023-01-25 01:48:16'),
(486, 51, 'Destinee Hessel MD', 'Duchess began in a louder tone. \'ARE you to sit down without being seen, when she caught it, and.', 4, '2023-01-25 01:48:16', '2023-01-25 01:48:16'),
(487, 13, 'Robert Reichert', 'Caterpillar took the least idea what a dear quiet thing,\' Alice went timidly up to the King.', 3, '2023-01-25 01:48:16', '2023-01-25 01:48:16'),
(488, 34, 'Dr. Toney Weissnat', 'Alice remarked. \'Oh, you foolish Alice!\' she answered herself. \'How can you learn lessons in here?.', 1, '2023-01-25 01:48:16', '2023-01-25 01:48:16'),
(489, 35, 'Javon Doyle', 'I have done that?\' she thought. \'I must be on the top of the house of the jurymen. \'No, they\'re.', 3, '2023-01-25 01:48:16', '2023-01-25 01:48:16'),
(490, 70, 'Emilio West V', 'Dinn may be,\' said the King. \'Shan\'t,\' said the Hatter. \'Does YOUR watch tell you more than that.', 4, '2023-01-25 01:48:16', '2023-01-25 01:48:16'),
(491, 51, 'Ms. Arianna Medhurst PhD', 'I suppose?\' \'Yes,\' said Alice very meekly: \'I\'m growing.\' \'You\'ve no right to think,\' said Alice.', 1, '2023-01-25 01:48:16', '2023-01-25 01:48:16'),
(492, 88, 'Mr. Lorenzo Luettgen', 'His voice has a timid voice at her rather inquisitively, and seemed to be a grin, and she said to.', 1, '2023-01-25 01:48:16', '2023-01-25 01:48:16'),
(493, 24, 'Martine Beer MD', 'DON\'T know,\' said Alice a little house in it a minute or two, and the Queen put on your shoes and.', 5, '2023-01-25 01:48:16', '2023-01-25 01:48:16'),
(494, 63, 'Lambert Cronin', 'I do it again and again.\' \'You are old,\' said the Queen ordering off her knowledge, as there was.', 2, '2023-01-25 01:48:16', '2023-01-25 01:48:16'),
(495, 36, 'Mr. Ross Fritsch II', 'The judge, by the Hatter, and here the conversation dropped, and the three gardeners, but she had.', 0, '2023-01-25 01:48:16', '2023-01-25 01:48:16'),
(496, 84, 'Nathaniel Kilback', 'The Duchess took no notice of them attempted to explain the paper. \'If there\'s no meaning in it,\'.', 1, '2023-01-25 01:48:16', '2023-01-25 01:48:16'),
(497, 82, 'Prof. Gladyce Carroll DVM', 'First, she tried her best to climb up one of them even when they hit her; and when she found.', 3, '2023-01-25 01:48:16', '2023-01-25 01:48:16'),
(498, 9, 'Lexie Boehm', 'King, \'that saves a world of trouble, you know, this sort in her face, and large eyes full of.', 3, '2023-01-25 01:48:16', '2023-01-25 01:48:16'),
(499, 53, 'Dr. Johnathon Kub', 'How puzzling all these changes are! I\'m never sure what I\'m going to leave off being arches to do.', 2, '2023-01-25 01:48:16', '2023-01-25 01:48:16'),
(500, 59, 'Zelda Reichert', 'The White Rabbit interrupted: \'UNimportant, your Majesty means, of course,\' the Gryphon said to.', 5, '2023-01-25 01:48:16', '2023-01-25 01:48:16'),
(501, 71, 'Miss Hulda Terry', 'Alice was more hopeless than ever: she sat on, with closed eyes, and feebly stretching out one.', 2, '2023-01-25 01:48:16', '2023-01-25 01:48:16'),
(502, 53, 'Mr. Toby Halvorson', 'In another moment down went Alice after it, never once considering how in the pool rippling to the.', 0, '2023-01-25 01:48:16', '2023-01-25 01:48:16'),
(503, 40, 'Maryam Jerde', 'Majesty,\' said Two, in a melancholy air, and, after glaring at her for a long silence after this.', 5, '2023-01-25 01:48:16', '2023-01-25 01:48:16'),
(504, 100, 'Prof. Allen White V', 'It\'s high time you were me?\' \'Well, perhaps you haven\'t found it advisable--\"\' \'Found WHAT?\' said.', 0, '2023-01-25 01:48:16', '2023-01-25 01:48:16'),
(505, 88, 'Ottilie Johnson', 'Alice was thoroughly puzzled. \'Does the boots and shoes!\' she repeated in a great hurry. \'You.', 0, '2023-01-25 01:48:16', '2023-01-25 01:48:16'),
(506, 44, 'Alex Gutmann', 'ME.\' \'You!\' said the Rabbit say, \'A barrowful of WHAT?\' thought Alice to herself. \'Shy, they seem.', 0, '2023-01-25 01:48:16', '2023-01-25 01:48:16'),
(507, 86, 'Stanton Nolan', 'King put on his spectacles and looked along the course, here and there stood the Queen was silent.', 1, '2023-01-25 01:48:16', '2023-01-25 01:48:16'),
(508, 55, 'Derrick Rodriguez', 'She had not long to doubt, for the baby, the shriek of the shepherd boy--and the sneeze of the.', 4, '2023-01-25 01:48:16', '2023-01-25 01:48:16'),
(509, 28, 'Teresa Collins', 'I must sugar my hair.\" As a duck with its eyelids, so he did,\' said the Dormouse. \'Don\'t talk.', 1, '2023-01-25 01:48:16', '2023-01-25 01:48:16'),
(510, 100, 'Kyra Herzog', 'Said the mouse doesn\'t get out.\" Only I don\'t want YOU with us!\"\' \'They were obliged to say it out.', 0, '2023-01-25 01:48:16', '2023-01-25 01:48:16'),
(511, 46, 'Maverick Predovic MD', 'She took down a large rabbit-hole under the sea,\' the Gryphon said, in a moment: she looked up and.', 3, '2023-01-25 01:48:16', '2023-01-25 01:48:16'),
(512, 84, 'Tobin Mayer', 'White Rabbit, \'and that\'s a fact.\' Alice did not get hold of this remark, and thought it would,\'.', 4, '2023-01-25 01:48:16', '2023-01-25 01:48:16'),
(513, 32, 'Marion Dach', 'Alice; \'only, as it\'s asleep, I suppose Dinah\'ll be sending me on messages next!\' And she began.', 0, '2023-01-25 01:48:16', '2023-01-25 01:48:16'),
(514, 31, 'Francisco Sipes', 'The Duchess took no notice of her head down to the Knave. The Knave of Hearts, and I never knew so.', 0, '2023-01-25 01:48:16', '2023-01-25 01:48:16'),
(515, 20, 'Frederik Stark', 'Alice in a hurry. \'No, I\'ll look first,\' she said, without opening its eyes, for it to speak.', 5, '2023-01-25 01:48:16', '2023-01-25 01:48:16'),
(516, 35, 'Elbert Champlin', 'VERY good opportunity for repeating his remark, with variations. \'I shall sit here,\' he said, \'on.', 2, '2023-01-25 01:48:16', '2023-01-25 01:48:16'),
(517, 64, 'Antonetta Ruecker MD', 'For really this morning I\'ve nothing to do.\" Said the mouse doesn\'t get out.\" Only I don\'t.', 5, '2023-01-25 01:48:16', '2023-01-25 01:48:16'),
(518, 93, 'Iliana Spencer', 'SOME change in my life!\' She had quite a chorus of \'There goes Bill!\' then the Rabbit\'s little.', 1, '2023-01-25 01:48:16', '2023-01-25 01:48:16'),
(519, 2, 'Molly Wehner DVM', 'Let me see--how IS it to annoy, Because he knows it teases.\' CHORUS. (In which the March Hare.', 0, '2023-01-25 01:48:16', '2023-01-25 01:48:16'),
(520, 39, 'Miss Verna Gusikowski', 'I\'ll come up: if not, I\'ll stay down here! It\'ll be no sort of mixed flavour of cherry-tart.', 2, '2023-01-25 01:48:16', '2023-01-25 01:48:16'),
(521, 35, 'Miss Daphney Barrows Sr.', 'THEIR eyes bright and eager with many a strange tale, perhaps even with the birds and beasts, as.', 4, '2023-01-25 01:48:16', '2023-01-25 01:48:16'),
(522, 64, 'Amani Hoeger', 'THAT\'S the great wonder is, that I\'m perfectly sure I have to whisper a hint to Time, and round.', 1, '2023-01-25 01:48:16', '2023-01-25 01:48:16'),
(523, 54, 'Evalyn Mann', 'They were indeed a queer-looking party that assembled on the table. \'Nothing can be clearer than.', 5, '2023-01-25 01:48:16', '2023-01-25 01:48:16'),
(524, 20, 'Fermin Lubowitz', 'Alice\'s side as she went on in a sorrowful tone, \'I\'m afraid I am, sir,\' said Alice; \'I can\'t.', 3, '2023-01-25 01:48:16', '2023-01-25 01:48:16'),
(525, 97, 'Mr. Dean Little', 'The soldiers were always getting up and leave the court; but on the table. \'Have some wine,\' the.', 1, '2023-01-25 01:48:16', '2023-01-25 01:48:16'),
(526, 5, 'Kurt Stehr IV', 'Alice looked all round her at the end.\' \'If you do. I\'ll set Dinah at you!\' There was certainly.', 4, '2023-01-25 01:48:16', '2023-01-25 01:48:16'),
(527, 20, 'Eula Rogahn', 'Pigeon in a very respectful tone, but frowning and making quite a new idea to Alice, and sighing.', 3, '2023-01-25 01:48:16', '2023-01-25 01:48:16'),
(528, 65, 'Fanny Runolfsdottir', 'And Alice was silent. The Dormouse again took a minute or two, looking for eggs, as it was good.', 4, '2023-01-25 01:48:16', '2023-01-25 01:48:16'),
(529, 78, 'Furman Rowe', 'Dormouse,\' thought Alice; \'I must be removed,\' said the Duchess, the Duchess! Oh! won\'t she be.', 0, '2023-01-25 01:48:16', '2023-01-25 01:48:16'),
(530, 78, 'Margaretta O\'Hara', 'March Hare said in a solemn tone, \'For the Duchess. \'Everything\'s got a moral, if only you can.', 5, '2023-01-25 01:48:16', '2023-01-25 01:48:16'),
(531, 9, 'Dasia Bergstrom', 'I think that there was Mystery,\' the Mock Turtle: \'crumbs would all come wrong, and she tried the.', 1, '2023-01-25 01:48:16', '2023-01-25 01:48:16'),
(532, 29, 'Mrs. Abigayle Volkman V', 'Hatter, \'I cut some more of it now in sight, hurrying down it. There could be no sort of way to.', 5, '2023-01-25 01:48:16', '2023-01-25 01:48:16'),
(533, 98, 'Carroll Wiegand', 'Alice as it could go, and broke off a little girl,\' said Alice, quite forgetting in the house if.', 1, '2023-01-25 01:48:16', '2023-01-25 01:48:16'),
(534, 34, 'Ezekiel Hills', 'Lory, with a kind of rule, \'and vinegar that makes people hot-tempered,\' she went back to the.', 3, '2023-01-25 01:48:16', '2023-01-25 01:48:16'),
(535, 69, 'Jasper Auer', 'Dodo had paused as if it had been, it suddenly appeared again. \'By-the-bye, what became of the.', 3, '2023-01-25 01:48:16', '2023-01-25 01:48:16'),
(536, 60, 'Stone Glover', 'King was the BEST butter,\' the March Hare. \'Sixteenth,\' added the Gryphon, sighing in his throat,\'.', 0, '2023-01-25 01:48:16', '2023-01-25 01:48:16'),
(537, 43, 'Darrick Yundt', 'King said to herself. \'Of the mushroom,\' said the Mock Turtle in the middle, nursing a baby; the.', 3, '2023-01-25 01:48:16', '2023-01-25 01:48:16'),
(538, 78, 'Ayla McClure MD', 'First, however, she again heard a little nervous about this; \'for it might not escape again, and.', 4, '2023-01-25 01:48:16', '2023-01-25 01:48:16'),
(539, 31, 'Deonte Simonis', 'In another moment it was good manners for her to speak good English); \'now I\'m opening out like.', 4, '2023-01-25 01:48:16', '2023-01-25 01:48:16'),
(540, 27, 'Leo Ortiz', 'COULD! I\'m sure I have done that, you know,\' the Mock Turtle is.\' \'It\'s the Cheshire Cat sitting.', 5, '2023-01-25 01:48:16', '2023-01-25 01:48:16'),
(541, 28, 'Dr. Blaze Rohan', 'SOMEBODY ought to be sure! However, everything is queer to-day.\' Just then her head down to nine.', 3, '2023-01-25 01:48:16', '2023-01-25 01:48:16'),
(542, 58, 'Letitia Ankunding', 'Hatter was out of their wits!\' So she tucked it away under her arm, that it was indeed: she was.', 0, '2023-01-25 01:48:16', '2023-01-25 01:48:16'),
(543, 50, 'Emerson Thompson', 'WOULD put their heads off?\' shouted the Queen, \'Really, my dear, YOU must cross-examine THIS.', 1, '2023-01-25 01:48:16', '2023-01-25 01:48:16'),
(544, 82, 'Dustin Schuster', 'And she began nibbling at the stick, and held out its arms and legs in all directions, \'just like.', 2, '2023-01-25 01:48:16', '2023-01-25 01:48:16'),
(545, 17, 'Prof. Fay Schmeler', 'Alice, as she could not help bursting out laughing: and when she went back to finish his story.', 0, '2023-01-25 01:48:16', '2023-01-25 01:48:16'),
(546, 3, 'Norene Marvin', 'Duchess by this time, as it went, \'One side of the trial.\' \'Stupid things!\' Alice began in a.', 3, '2023-01-25 01:48:16', '2023-01-25 01:48:16'),
(547, 32, 'Jaylin Funk', 'HIM.\' \'I don\'t think it\'s at all a pity. I said \"What for?\"\' \'She boxed the Queen\'s voice in the.', 3, '2023-01-25 01:48:16', '2023-01-25 01:48:16'),
(548, 38, 'Jacques Price', 'Alice, quite forgetting her promise. \'Treacle,\' said the Dormouse; \'VERY ill.\' Alice tried to.', 2, '2023-01-25 01:48:16', '2023-01-25 01:48:16'),
(549, 30, 'Mr. Henderson Murphy', 'The first thing she heard it before,\' said the Pigeon; \'but I must have imitated somebody else\'s.', 4, '2023-01-25 01:48:16', '2023-01-25 01:48:16'),
(550, 100, 'Art Connelly', 'Alice had never forgotten that, if you like,\' said the sage, as he came, \'Oh! the Duchess, who.', 1, '2023-01-25 01:48:16', '2023-01-25 01:48:16'),
(551, 46, 'Willa Bartell V', 'Queen. \'Well, I shan\'t grow any more--As it is, I can\'t put it in a great deal to come before.', 3, '2023-01-25 01:48:16', '2023-01-25 01:48:16'),
(552, 98, 'Janessa Kuphal DDS', 'Alice, \'a great girl like you,\' (she might well say this), \'to go on crying in this way! Stop this.', 1, '2023-01-25 01:48:16', '2023-01-25 01:48:16'),
(553, 71, 'Ms. Eileen Torp', 'IT. It\'s HIM.\' \'I don\'t see how he can thoroughly enjoy The pepper when he sneezes: He only does.', 4, '2023-01-25 01:48:16', '2023-01-25 01:48:16'),
(554, 5, 'Johann Goodwin', 'Hatter continued, \'in this way:-- \"Up above the world she was now, and she put them into a large.', 2, '2023-01-25 01:48:16', '2023-01-25 01:48:16'),
(555, 47, 'Dr. Christ Wisoky', 'Mock Turtle in a trembling voice:-- \'I passed by his face only, she would gather about her.', 4, '2023-01-25 01:48:16', '2023-01-25 01:48:16');
INSERT INTO `reviews` (`id`, `product_id`, `customer`, `review`, `star`, `created_at`, `updated_at`) VALUES
(556, 45, 'Ike Crooks', 'Duchess, the Duchess! Oh! won\'t she be savage if I\'ve kept her waiting!\' Alice felt that this.', 5, '2023-01-25 01:48:16', '2023-01-25 01:48:16'),
(557, 30, 'Nakia Nikolaus', 'Alice looked down into its mouth and yawned once or twice, half hoping that the Mouse was.', 1, '2023-01-25 01:48:16', '2023-01-25 01:48:16'),
(558, 55, 'Jessie Torp', 'King, and he called the Queen, stamping on the Duchess\'s voice died away, even in the schoolroom.', 4, '2023-01-25 01:48:16', '2023-01-25 01:48:16'),
(559, 87, 'Madisyn Goldner II', 'Gryphon; and then the other, saying, in a melancholy way, being quite unable to move. She soon got.', 2, '2023-01-25 01:48:16', '2023-01-25 01:48:16'),
(560, 14, 'Leland Jacobs', 'Oh dear! I\'d nearly forgotten that I\'ve got to the conclusion that it might happen any minute.', 2, '2023-01-25 01:48:16', '2023-01-25 01:48:16'),
(561, 80, 'Lexi Von', 'The baby grunted again, and Alice was beginning to feel which way it was getting very sleepy; \'and.', 4, '2023-01-25 01:48:16', '2023-01-25 01:48:16'),
(562, 8, 'Prof. Donald Abernathy DDS', 'She felt very glad to find her way through the door, staring stupidly up into hers--she could hear.', 1, '2023-01-25 01:48:16', '2023-01-25 01:48:16'),
(563, 14, 'Lori Windler', 'Canary called out as loud as she remembered how small she was now only ten inches high, and was.', 5, '2023-01-25 01:48:16', '2023-01-25 01:48:16'),
(564, 95, 'Leonie Wolff', 'Rabbit started violently, dropped the white kid gloves in one hand and a long time together.\'.', 0, '2023-01-25 01:48:16', '2023-01-25 01:48:16'),
(565, 42, 'Rosemary Kuvalis DDS', 'I look like one, but the Gryphon replied very readily: \'but that\'s because it stays the same tone.', 2, '2023-01-25 01:48:16', '2023-01-25 01:48:16'),
(566, 60, 'Pat Bahringer', 'The Hatter was the White Rabbit was still in sight, hurrying down it. There was nothing so VERY.', 2, '2023-01-25 01:48:16', '2023-01-25 01:48:16'),
(567, 28, 'Marjolaine Bernier', 'Queen said--\' \'Get to your little boy, And beat him when he pleases!\' CHORUS. \'Wow! wow! wow!\'.', 5, '2023-01-25 01:48:16', '2023-01-25 01:48:16'),
(568, 32, 'Ms. Noemy Gaylord', 'It doesn\'t look like it?\' he said. (Which he certainly did NOT, being made entirely of cardboard.).', 3, '2023-01-25 01:48:16', '2023-01-25 01:48:16'),
(569, 51, 'Ralph Kuvalis', 'The jury all looked puzzled.) \'He must have prizes.\' \'But who is to give the hedgehog had unrolled.', 3, '2023-01-25 01:48:16', '2023-01-25 01:48:16'),
(570, 91, 'Cedrick Mann II', 'Queen. First came ten soldiers carrying clubs; these were all crowded round her, about the temper.', 1, '2023-01-25 01:48:16', '2023-01-25 01:48:16'),
(571, 49, 'Esperanza Miller Jr.', 'I can find out the words: \'Where\'s the other was sitting on the English coast you find a number of.', 0, '2023-01-25 01:48:16', '2023-01-25 01:48:16'),
(572, 69, 'Joel Bins IV', 'Queen shrieked out. \'Behead that Dormouse! Turn that Dormouse out of the garden: the roses growing.', 4, '2023-01-25 01:48:16', '2023-01-25 01:48:16'),
(573, 6, 'Alfred Spinka', 'First, however, she waited for some way, and nothing seems to like her, down here, and I\'m I.', 3, '2023-01-25 01:48:16', '2023-01-25 01:48:16'),
(574, 30, 'Alfreda Feest', 'Duchess, \'as pigs have to go after that savage Queen: so she went on just as she could not help.', 3, '2023-01-25 01:48:16', '2023-01-25 01:48:16'),
(575, 42, 'Zetta Bartoletti V', 'It was as long as there was no \'One, two, three, and away,\' but they were trying which word.', 4, '2023-01-25 01:48:16', '2023-01-25 01:48:16'),
(576, 9, 'Ward Stanton', 'Footman, and began an account of the jury asked. \'That I can\'t be civil, you\'d better leave off,\'.', 3, '2023-01-25 01:48:16', '2023-01-25 01:48:16'),
(577, 57, 'Katlynn Schmeler', 'Gryphon. \'I\'ve forgotten the words.\' So they had a bone in his throat,\' said the Mock Turtle.', 1, '2023-01-25 01:48:16', '2023-01-25 01:48:16'),
(578, 72, 'Judge Dicki', 'His voice has a timid voice at her as she could, \'If you do. I\'ll set Dinah at you!\' There was a.', 2, '2023-01-25 01:48:16', '2023-01-25 01:48:16'),
(579, 82, 'Gustave Fritsch', 'Alice did not wish to offend the Dormouse indignantly. However, he consented to go from here?\'.', 2, '2023-01-25 01:48:16', '2023-01-25 01:48:16'),
(580, 48, 'Daphney Yost', 'I wish you would seem to see its meaning. \'And just as well. The twelve jurors were all talking.', 0, '2023-01-25 01:48:16', '2023-01-25 01:48:16'),
(581, 47, 'Rebekah Champlin', 'I ought to have it explained,\' said the Hatter, and he checked himself suddenly: the others all.', 0, '2023-01-25 01:48:16', '2023-01-25 01:48:16'),
(582, 1, 'Will O\'Connell PhD', 'Conqueror, whose cause was favoured by the hand, it hurried off, without waiting for turns.', 4, '2023-01-25 01:48:16', '2023-01-25 01:48:16'),
(583, 95, 'Dr. Arnoldo Wyman', 'And so it was her turn or not. So she began again. \'I wonder what they WILL do next! If they had.', 2, '2023-01-25 01:48:16', '2023-01-25 01:48:16'),
(584, 55, 'Grant Jakubowski V', 'WOULD put their heads downward! The Antipathies, I think--\' (for, you see, Miss, we\'re doing our.', 2, '2023-01-25 01:48:16', '2023-01-25 01:48:16'),
(585, 8, 'Gust O\'Connell', 'Will you, won\'t you, won\'t you, will you, won\'t you join the dance? \"You can really have no idea.', 5, '2023-01-25 01:48:16', '2023-01-25 01:48:16'),
(586, 91, 'Bennie Weimann', 'Alice ventured to say. \'What is his sorrow?\' she asked the Gryphon, sighing in his note-book.', 2, '2023-01-25 01:48:16', '2023-01-25 01:48:16'),
(587, 94, 'Rowena Hirthe', 'I don\'t keep the same as the other.\' As soon as look at me like a sky-rocket!\' \'So you think I can.', 1, '2023-01-25 01:48:16', '2023-01-25 01:48:16'),
(588, 97, 'Ashlee Friesen', 'Run home this moment, and fetch me a good character, But said I didn\'t!\' interrupted Alice. \'You.', 3, '2023-01-25 01:48:16', '2023-01-25 01:48:16'),
(589, 64, 'Orin Nitzsche III', 'Alice could see, as they would call after her: the last word two or three pairs of tiny white kid.', 3, '2023-01-25 01:48:16', '2023-01-25 01:48:16'),
(590, 72, 'Ariel Weimann Jr.', 'Queen. \'Never!\' said the Mock Turtle, \'Drive on, old fellow! Don\'t be all day about it!\' Last came.', 1, '2023-01-25 01:48:16', '2023-01-25 01:48:16'),
(591, 27, 'Coty Beahan III', 'Hatter. \'Nor I,\' said the young man said, \'And your hair has become very white; And yet I wish I.', 5, '2023-01-25 01:48:16', '2023-01-25 01:48:16'),
(592, 72, 'Santiago Heaney', 'First, she dreamed of little Alice herself, and shouted out, \'You\'d better not talk!\' said Five.', 5, '2023-01-25 01:48:16', '2023-01-25 01:48:16'),
(593, 9, 'Dr. Hadley Hills', 'Hatter. \'I deny it!\' said the sage, as he said do. Alice looked round, eager to see it pop down a.', 4, '2023-01-25 01:48:16', '2023-01-25 01:48:16'),
(594, 3, 'Prof. Cydney Bradtke', 'EVER happen in a hurried nervous manner, smiling at everything that Alice had no pictures or.', 4, '2023-01-25 01:48:16', '2023-01-25 01:48:16'),
(595, 93, 'Mr. Stephan Muller Jr.', 'Alice, a little ledge of rock, and, as the soldiers shouted in reply. \'Please come back and see.', 5, '2023-01-25 01:48:16', '2023-01-25 01:48:16'),
(596, 44, 'Einar Rau', 'Mock Turtle drew a long way back, and see how he can EVEN finish, if he had to be sure! However.', 1, '2023-01-25 01:48:16', '2023-01-25 01:48:16'),
(597, 13, 'Sammy Auer', 'So she set to work nibbling at the cook tulip-roots instead of the Shark, But, when the Rabbit.', 4, '2023-01-25 01:48:16', '2023-01-25 01:48:16'),
(598, 69, 'Ms. Camilla Spinka V', 'Mouse only shook its head impatiently, and said, without opening its eyes, \'Of course, of course.', 3, '2023-01-25 01:48:16', '2023-01-25 01:48:16'),
(599, 95, 'Troy Crona', 'Hatter replied. \'Of course they were\', said the Queen, turning purple. \'I won\'t!\' said Alice.', 0, '2023-01-25 01:48:16', '2023-01-25 01:48:16'),
(600, 34, 'Beryl Cormier Sr.', 'She had quite a new kind of serpent, that\'s all I can guess that,\' she added in a great deal too.', 4, '2023-01-25 01:48:16', '2023-01-25 01:48:16');

-- --------------------------------------------------------

--
-- Table structure for table `users`
--

CREATE TABLE `users` (
  `id` bigint(20) UNSIGNED NOT NULL,
  `name` varchar(255) COLLATE utf8mb4_unicode_ci NOT NULL,
  `email` varchar(255) COLLATE utf8mb4_unicode_ci NOT NULL,
  `email_verified_at` timestamp NULL DEFAULT NULL,
  `password` varchar(255) COLLATE utf8mb4_unicode_ci NOT NULL,
  `remember_token` varchar(100) COLLATE utf8mb4_unicode_ci DEFAULT NULL,
  `created_at` timestamp NULL DEFAULT NULL,
  `updated_at` timestamp NULL DEFAULT NULL
) ENGINE=InnoDB DEFAULT CHARSET=utf8mb4 COLLATE=utf8mb4_unicode_ci;

--
-- Indexes for dumped tables
--

--
-- Indexes for table `failed_jobs`
--
ALTER TABLE `failed_jobs`
  ADD PRIMARY KEY (`id`),
  ADD UNIQUE KEY `failed_jobs_uuid_unique` (`uuid`);

--
-- Indexes for table `migrations`
--
ALTER TABLE `migrations`
  ADD PRIMARY KEY (`id`);

--
-- Indexes for table `password_resets`
--
ALTER TABLE `password_resets`
  ADD PRIMARY KEY (`email`);

--
-- Indexes for table `personal_access_tokens`
--
ALTER TABLE `personal_access_tokens`
  ADD PRIMARY KEY (`id`),
  ADD UNIQUE KEY `personal_access_tokens_token_unique` (`token`),
  ADD KEY `personal_access_tokens_tokenable_type_tokenable_id_index` (`tokenable_type`,`tokenable_id`);

--
-- Indexes for table `products`
--
ALTER TABLE `products`
  ADD PRIMARY KEY (`id`);

--
-- Indexes for table `reviews`
--
ALTER TABLE `reviews`
  ADD PRIMARY KEY (`id`),
  ADD KEY `reviews_product_id_foreign` (`product_id`);

--
-- Indexes for table `users`
--
ALTER TABLE `users`
  ADD PRIMARY KEY (`id`),
  ADD UNIQUE KEY `users_email_unique` (`email`);

--
-- AUTO_INCREMENT for dumped tables
--

--
-- AUTO_INCREMENT for table `failed_jobs`
--
ALTER TABLE `failed_jobs`
  MODIFY `id` bigint(20) UNSIGNED NOT NULL AUTO_INCREMENT;

--
-- AUTO_INCREMENT for table `migrations`
--
ALTER TABLE `migrations`
  MODIFY `id` int(10) UNSIGNED NOT NULL AUTO_INCREMENT, AUTO_INCREMENT=7;

--
-- AUTO_INCREMENT for table `personal_access_tokens`
--
ALTER TABLE `personal_access_tokens`
  MODIFY `id` bigint(20) UNSIGNED NOT NULL AUTO_INCREMENT;

--
-- AUTO_INCREMENT for table `products`
--
ALTER TABLE `products`
  MODIFY `id` bigint(20) UNSIGNED NOT NULL AUTO_INCREMENT, AUTO_INCREMENT=101;

--
-- AUTO_INCREMENT for table `reviews`
--
ALTER TABLE `reviews`
  MODIFY `id` bigint(20) UNSIGNED NOT NULL AUTO_INCREMENT, AUTO_INCREMENT=601;

--
-- AUTO_INCREMENT for table `users`
--
ALTER TABLE `users`
  MODIFY `id` bigint(20) UNSIGNED NOT NULL AUTO_INCREMENT;

--
-- Constraints for dumped tables
--

--
-- Constraints for table `reviews`
--
ALTER TABLE `reviews`
  ADD CONSTRAINT `reviews_product_id_foreign` FOREIGN KEY (`product_id`) REFERENCES `products` (`id`) ON DELETE CASCADE;
COMMIT;

/*!40101 SET CHARACTER_SET_CLIENT=@OLD_CHARACTER_SET_CLIENT */;
/*!40101 SET CHARACTER_SET_RESULTS=@OLD_CHARACTER_SET_RESULTS */;
/*!40101 SET COLLATION_CONNECTION=@OLD_COLLATION_CONNECTION */;
